,id,url,kind,title,date,origin,content
0,32086936,http://jhsjk.people.cn/article/32086936,国防,习近平出席海军三型主战舰艇集中交接入列活动,44311,人民网－人民日报,"
 
习近平出席海军三型主战舰艇集中交接入列活动

来源：人民网－人民日报        ??发布时间：2021-04-25










4月23日，海军三型主战舰艇――长征18号艇、大连舰、海南舰在海南三亚某军港集中交接入列。中共中央总书记、国家主席、中央军委主席习近平出席交接入列活动并登上舰艇视察。这是习近平向长征18号艇授予军旗、命名证书。
　　新华社记者 李 刚摄













4月23日，海军三型主战舰艇――长征18号艇、大连舰、海南舰在海南三亚某军港集中交接入列。中共中央总书记、国家主席、中央军委主席习近平出席交接入列活动并登上舰艇视察。这是习近平向大连舰授予军旗、命名证书。
　　新华社记者 李 刚摄













4月23日，海军三型主战舰艇――长征18号艇、大连舰、海南舰在海南三亚某军港集中交接入列。中共中央总书记、国家主席、中央军委主席习近平出席交接入列活动并登上舰艇视察。这是习近平向海南舰授予军旗、命名证书。
　　新华社记者 李 刚摄













4月23日，海军三型主战舰艇――长征18号艇、大连舰、海南舰在海南三亚某军港集中交接入列。中共中央总书记、国家主席、中央军委主席习近平出席交接入列活动并登上舰艇视察。这是习近平亲切接见舰艇科研生产人员和海军部队官兵代表。
　　新华社记者 李 刚摄





新华社三亚4月24日电??（记者李宣良）海军三型主战舰艇――长征18号艇、大连舰、海南舰23日在海南三亚某军港集中交接入列。中共中央总书记、国家主席、中央军委主席习近平出席交接入列活动。

四月的三亚，天高海阔，日暖风清。军港内，三型主战舰艇一字排开，按海军最高礼仪悬挂满旗，来自海军部队和舰艇科研生产单位的代表2400人在码头整齐列队，气氛隆重热烈。

下午3时30分许，交接入列仪式开始，全场高唱中华人民共和国国歌，五星红旗冉冉升起。仪仗礼兵护卫着八一军旗、命名证书，正步行进到主席台前。习近平将八一军旗、命名证书分别授予长征18号艇艇长、政治委员，大连舰舰长、政治委员，海南舰舰长、政治委员。三型舰艇的舰艇长、政治委员向习近平敬礼，从习近平手中接过八一军旗、命名证书。习近平同他们合影留念。

张又侠主持仪式，许其亮宣布舰艇入列和舰艇名、舷号。丁薛祥、刘鹤，以及李作成出席仪式。

中国船舶集团有限公司董事长雷凡培、海军政治委员秦生祥在仪式上先后发言。

交接入列仪式在中国人民解放军军歌声中结束。随后，习近平登上新入列舰艇，检阅舰艇仪仗队，察看有关武器装备，同官兵进行交流，并在航泊日志上郑重签名。

活动期间，习近平在码头亲切接见了舰艇科研生产人员和海军部队官兵代表。

经中央军委批准，这次交接入列的三型主战舰艇分别命名为：中国人民解放军海军长征18号艇、舷号421，中国人民解放军海军大连舰、舷号105，中国人民解放军海军海南舰、舷号31。

中央和国家机关有关部门、军委机关有关部门、海军、海南省以及舰艇科研生产单位的负责同志参加交接入列仪式。

《 人民日报 》（ 2021年04月25日 01 版）


(责编：梁冠群                     )"
1,32062490,http://jhsjk.people.cn/article/32062490,国防,全面加强练兵备战 全面提高履行使命任务能力,44282,人民网－人民日报,"
习近平在视察武警第二机动总队时强调 
全面加强练兵备战 全面提高履行使命任务能力

来源：人民网－人民日报        ??发布时间：2021-03-27










三月二十四日，中共中央总书记、国家主席、中央军委主席习近平到武警第二机动总队视察。这是习近平发表重要讲话。
　　新华社记者 李 刚摄













三月二十四日，中共中央总书记、国家主席、中央军委主席习近平到武警第二机动总队视察。这是习近平察看部队训练情况。
　　新华社记者 李 刚摄





■ 要贯彻新时代党的强军思想，贯彻新时代军事战略方针，抓好常态化疫情防控，全面加强练兵备战，全面提高履行使命任务能力，奋力开创部队建设新局面，以优异成绩迎接中国共产党建党100周年

■ 要坚持底线思维，加强任务统筹，完善方案预案，搞好力量预置，确保遇有任何情况都能够快速有效应对，把担负任务完成好

■ 要全面贯彻军委军事训练会议精神，坚持聚焦备战打仗，深入推进实战实训、联战联训、科技强训、依法治训，紧贴多样化任务需求，加强针对性适应性训练，加强合成化专业化训练，加强新力量新装备训练，提高训练质量和层次

■ 要坚持党对军队绝对领导，加强党的创新理论武装，狠抓全面从严治党、全面从严治军，做好意识形态工作，确保部队绝对忠诚、绝对纯洁、绝对可靠，永远做党和人民的忠诚卫士。要落实党中央和中央军委部署要求，结合实际抓好党史学习教育，突出学党史、悟思想、办实事、开新局，教育引导官兵牢记初心使命、传承红色基因、担当强军重任

新华社福州3月26日电?（记者李宣良、刘新）中共中央总书记、国家主席、中央军委主席习近平24日到武警第二机动总队视察。他强调，武警机动总队是武警部队机动作战的重要力量，使命光荣，责任重大。要贯彻新时代党的强军思想，贯彻新时代军事战略方针，抓好常态化疫情防控，全面加强练兵备战，全面提高履行使命任务能力，奋力开创部队建设新局面，以优异成绩迎接中国共产党建党100周年。

三月的八闽大地，山清水秀，春意盎然。上午10时15分许，习近平来到武警第二机动总队。武警第二机动总队是在深化国防和军队改革中调整组建的，近年来出色完成一系列急难险重任务。习近平对练兵备战高度重视，他一下车就察看部队训练情况。训练场上，操作口令此起彼伏，专业装备隆隆作响，一派繁忙练兵景象。习近平依次察看反爆炸器材操作使用、防化侦察洗消、工程机械应用作业、桥梁架设等专业训练，详细了解有关情况。习近平同工程机械操作手亲切交流，勉励大家刻苦训练、科学训练，提高遂行任务能力。离开训练场时，官兵整齐列队，向习主席敬礼，齐声高呼“听党指挥、能打胜仗、作风优良”。

随后，习近平观看了反映总队建设情况的多媒体片，通过视频系统听取了总队执行有关任务情况汇报。习近平对部队建设和完成任务情况给予肯定。他强调，要坚持底线思维，加强任务统筹，完善方案预案，搞好力量预置，确保遇有任何情况都能够快速有效应对，把担负任务完成好。

习近平指出，要全面贯彻军委军事训练会议精神，坚持聚焦备战打仗，深入推进实战实训、联战联训、科技强训、依法治训，紧贴多样化任务需求，加强针对性适应性训练，加强合成化专业化训练，加强新力量新装备训练，提高训练质量和层次。要坚持以战领建、以训促建，贯彻武警部队转型建设要求，制定实施好总队建设规划计划，推动部队现代化水平和实战能力加速提升。

习近平强调，要坚持党对军队绝对领导，加强党的创新理论武装，狠抓全面从严治党、全面从严治军，做好意识形态工作，确保部队绝对忠诚、绝对纯洁、绝对可靠，永远做党和人民的忠诚卫士。要落实党中央和中央军委部署要求，结合实际抓好党史学习教育，突出学党史、悟思想、办实事、开新局，教育引导官兵牢记初心使命、传承红色基因、担当强军重任。要坚持强基固本，持之以恒抓基层打基础，严格部队教育管理，满腔热忱为官兵排忧解难，全面建设过硬基层。

许其亮等参加活动。

《 人民日报 》（ 2021年03月27日 01 版）


(责编：吴楠                        )"
2,32047363,http://jhsjk.people.cn/article/32047363,国防,实现“十四五”时期国防和军队建设良好开局以优异成绩迎接中国共产党建党100周年,44265,人民网－人民日报,"
习近平在出席解放军和武警部队代表团全体会议时强调 
实现“十四五”时期国防和军队建设良好开局
以优异成绩迎接中国共产党建党100周年

来源：人民网－人民日报        ??发布时间：2021-03-10










3月9日下午，中共中央总书记、国家主席、中央军委主席习近平出席十三届全国人大四次会议解放军和武警部队代表团全体会议并发表重要讲话。
　　新华社记者 李 刚摄





■?今年是中国共产党建党100周年，是“十四五”开局、全面建设社会主义现代化国家新征程开启之年，也是国防和军队现代化新“三步走”起步之年。全军要强化责任担当、弘扬实干精神，抓好常态化疫情防控，扎实做好各项工作，确保实现“十四五”良好开局，以优异成绩迎接建党100周年

■?要深刻领会党中央和中央军委决心意图，聚焦实现建军100年奋斗目标，紧紧围绕我军建设“十四五”规划布局谋划和推进工作。要坚持以战领建，加强战建统筹，抓紧推进战略性、引领性、基础性重大工程，加快打造高水平战略威慑和联合作战体系。要增强责任感、紧迫感、主动性，把我军建设年度计划安排的各项工作往前赶、往实里抓，确保早日落地见效

■?要强化创新驱动，以更大力度、更实举措加快科技自立自强，充分发挥科技对我军建设战略支撑作用。要加强战略管理，优化项目论证方式和立项审批流程，加强重大项目统筹调控

■?当前我国安全形势不稳定性不确定性较大，全军要统筹好建设和备战关系，做好随时应对各种复杂困难局面的准备，坚决维护国家主权、安全、发展利益，为全面建设社会主义现代化国家提供坚强支撑

新华社北京3月9日电?（记者李宣良、梅世雄）中共中央总书记、国家主席、中央军委主席习近平9日下午在出席十三届全国人大四次会议解放军和武警部队代表团全体会议时强调，今年是中国共产党建党100周年，是“十四五”开局、全面建设社会主义现代化国家新征程开启之年，也是国防和军队现代化新“三步走”起步之年。全军要强化责任担当、弘扬实干精神，抓好常态化疫情防控，扎实做好各项工作，确保实现“十四五”良好开局，以优异成绩迎接建党100周年。

会上，方向、辛毅、齐虎广、肖冬松、王辉青、王启繁等6位代表分别发言，就加快国防科技创新、发展新域新质作战力量、创新军士制度、创新人才工作、抓好我军建设年度计划落实、提高我军资产管理效益等问题提出意见和建议。

在认真听取代表发言后，习近平发表重要讲话。他首先对过去一年国防和军队建设取得的成绩给予充分肯定。习近平指出，在新冠肺炎疫情突如其来、国内外形势错综复杂的情况下，全军贯彻党中央和中央军委决策部署，有力抗击疫情，加强练兵备战，持续深化改革，狠抓规划落实，基本实现国防和军队建设2020年目标任务，出色完成党和人民赋予的各项任务。

习近平结合规划实施，就做好“十四五”时期国防和军队建设开局起步工作提出要求。他强调，要深刻领会党中央和中央军委决心意图，聚焦实现建军100年奋斗目标，紧紧围绕我军建设“十四五”规划布局谋划和推进工作。要坚持以战领建，加强战建统筹，抓紧推进战略性、引领性、基础性重大工程，加快打造高水平战略威慑和联合作战体系。要增强责任感、紧迫感、主动性，把我军建设年度计划安排的各项工作往前赶、往实里抓，确保早日落地见效。

习近平指出，要强化创新驱动，以更大力度、更实举措加快科技自立自强，充分发挥科技对我军建设战略支撑作用。要紧跟科技强国建设进程，优化国防科技创新布局和环境条件，用好用足各方面优势力量和资源，大幅提升国防科技创新能力和水平。要按照既定部署扎实推进国防和军队改革，不断释放改革效能。创新的根本在人才。要加强战略谋划、创新思路理念，拿出务实举措，把我军人才工作向前推进一大步。

习近平强调，要加强战略管理，优化项目论证方式和立项审批流程，加强重大项目统筹调控。要强化规划计划权威性和执行力，严格责任体系、时间节点、质量标准，加大评估和监管力度，督促规划任务高效落实。要推进我军现代资产管理体系建设，把资产盘活用好，提高管理使用效益。

习近平指出，中央和国家机关、地方各级党委和政府要认真落实党和国家部署要求，把担负的国防建设领域职责履行好。要发扬军爱民、民拥军光荣传统，巩固和发展军政军民团结，汇聚强国兴军强大力量。

习近平最后强调，当前我国安全形势不稳定性不确定性较大，全军要统筹好建设和备战关系，做好随时应对各种复杂困难局面的准备，坚决维护国家主权、安全、发展利益，为全面建设社会主义现代化国家提供坚强支撑。

中共中央政治局委员、中央军委副主席许其亮主持会议，中共中央政治局委员、中央军委副主席张又侠，中央军委委员魏凤和、李作成、苗华、张升民参加会议。

《 人民日报 》（ 2021年03月10日 01 版）


(责编：吴楠                        )"
3,32047169,http://jhsjk.people.cn/article/32047169,国防,习近平在出席解放军和武警部队代表团全体会议时强调 实现“十四五”时期国防和军队建设良好开局以优异成绩迎接中国共产党建党100周年,44264,新华网,"

习近平在出席解放军和武警部队代表团全体会议时强调 实现“十四五”时期国防和军队建设良好开局 以优异成绩迎接中国共产党建党100周年

来源：新华网        ??发布时间：2021-03-09


新华社北京3月9日电（记者李宣良、梅世雄）中共中央总书记、国家主席、中央军委主席习近平9日下午在出席十三届全国人大四次会议解放军和武警部队代表团全体会议时强调，今年是中国共产党建党100周年，是“十四五”开局、全面建设社会主义现代化国家新征程开启之年，也是国防和军队现代化新“三步走”起步之年。全军要强化责任担当、弘扬实干精神，抓好常态化疫情防控，扎实做好各项工作，确保实现“十四五”良好开局，以优异成绩迎接建党100周年。

会上，方向、辛毅、齐虎广、肖冬松、王辉青、王启繁等6位代表分别发言，就加快国防科技创新、发展新域新质作战力量、创新军士制度、创新人才工作、抓好我军建设年度计划落实、提高我军资产管理效益等问题提出意见和建议。

在认真听取代表发言后，习近平发表重要讲话。他首先对过去一年国防和军队建设取得的成绩给予充分肯定。习近平指出，在新冠肺炎疫情突如其来、国内外形势错综复杂的情况下，全军贯彻党中央和中央军委决策部署，有力抗击疫情，加强练兵备战，持续深化改革，狠抓规划落实，基本实现国防和军队建设2020年目标任务，出色完成党和人民赋予的各项任务。

习近平结合规划实施，就做好“十四五”时期国防和军队建设开局起步工作提出要求。他强调，要深刻领会党中央和中央军委决心意图，聚焦实现建军100年奋斗目标，紧紧围绕我军建设“十四五”规划布局谋划和推进工作。要坚持以战领建，加强战建统筹，抓紧推进战略性、引领性、基础性重大工程，加快打造高水平战略威慑和联合作战体系。要增强责任感、紧迫感、主动性，把我军建设年度计划安排的各项工作往前赶、往实里抓，确保早日落地见效。

习近平指出，要强化创新驱动，以更大力度、更实举措加快科技自立自强，充分发挥科技对我军建设战略支撑作用。要紧跟科技强国建设进程，优化国防科技创新布局和环境条件，用好用足各方面优势力量和资源，大幅提升国防科技创新能力和水平。要按照既定部署扎实推进国防和军队改革，不断释放改革效能。创新的根本在人才。要加强战略谋划、创新思路理念，拿出务实举措，把我军人才工作向前推进一大步。

习近平强调，要加强战略管理，优化项目论证方式和立项审批流程，加强重大项目统筹调控。要强化规划计划权威性和执行力，严格责任体系、时间节点、质量标准，加大评估和监管力度，督促规划任务高效落实。要推进我军现代资产管理体系建设，把资产盘活用好，提高管理使用效益。

习近平指出，中央和国家机关、地方各级党委和政府要认真落实党和国家部署要求，把担负的国防建设领域职责履行好。要发扬军爱民、民拥军光荣传统，巩固和发展军政军民团结，汇聚强国兴军强大力量。

习近平最后强调，当前我国安全形势不稳定性不确定性较大，全军要统筹好建设和备战关系，做好随时应对各种复杂困难局面的准备，坚决维护国家主权、安全、发展利益，为全面建设社会主义现代化国家提供坚强支撑。

中共中央政治局委员、中央军委副主席许其亮主持会议，中共中央政治局委员、中央军委副主席张又侠，中央军委委员魏凤和、李作成、苗华、张升民参加会议。


(责编：郝萍                        )"
4,32024555,http://jhsjk.people.cn/article/32024555,国防,向全体人民解放军指战员武警部队官兵军队文职人员民兵预备役人员致以新春祝福,44234,人民网－人民日报,"
习近平春节前夕视察看望空军航空兵某师 
向全体人民解放军指战员武警部队官兵
军队文职人员民兵预备役人员致以新春祝福

来源：人民网－人民日报        ??发布时间：2021-02-07










　　中华民族传统节日春节即将来临之际，中共中央总书记、国家主席、中央军委主席习近平2月4日视察空军航空兵某师，看望慰问部队官兵，代表党中央和中央军委，向全体人民解放军指战员、武警部队官兵、军队文职人员、民兵预备役人员致以诚挚问候和新春祝福。这是习近平到场站医院了解部队疫情防控和支援地方防疫情况。
　　新华社记者 李 刚摄













　　中华民族传统节日春节即将来临之际，中共中央总书记、国家主席、中央军委主席习近平2月4日视察空军航空兵某师，看望慰问部队官兵，代表党中央和中央军委，向全体人民解放军指战员、武警部队官兵、军队文职人员、民兵预备役人员致以诚挚问候和新春祝福。这是习近平到某飞行大队空勤楼飞行准备室，察看飞行技术研究情况。
　　新华社记者 李 刚摄













　　中华民族传统节日春节即将来临之际，中共中央总书记、国家主席、中央军委主席习近平2月4日视察空军航空兵某师，看望慰问部队官兵，代表党中央和中央军委，向全体人民解放军指战员、武警部队官兵、军队文职人员、民兵预备役人员致以诚挚问候和新春祝福。这是习近平来到空勤楼走廊，察看春节前有关文体活动设施准备情况，了解部队统筹疫情防控和节日生活有关安排。
　　新华社记者 李 刚摄





　　■　当前，国外疫情形势依然严峻，我国疫情防控工作依然繁重，特别是春节期间人员流动和聚集增多，疫情传播风险增加。要毫不放松抓好部队常态化疫情防控，做好支援地方抗击疫情准备，巩固和发展我国疫情防控良好态势

　　■　现代战争中，制信息权成为赢得战争胜利的关键。要加快发展先进装备，加紧培养专业人才，加强针对性对抗性训练，推动新质战斗力加速提升

　　■??对部队来说，抓好军事训练非常重要。要贯彻落实中央军委军事训练会议精神，结合空军部队实际，大抓实战化军事训练，不断提高训练水平和打赢能力

　　■??今年是我们党建党100周年，是“十四五”开局之年，做好今年工作意义重大。要认真贯彻党中央和中央军委决策部署，抓好常态化疫情防控，全面加强练兵备战，扎实推进各项工作，在新的起点上不断开创部队建设新局面，以优异成绩迎接建党100周年

　　

　　新华社贵阳2月6日电?（记者李宣良）中华民族传统节日春节即将来临之际，中共中央总书记、国家主席、中央军委主席习近平4日视察空军航空兵某师，看望慰问部队官兵，代表党中央和中央军委，向全体人民解放军指战员、武警部队官兵、军队文职人员、民兵预备役人员致以诚挚问候和新春祝福。

　　立春时节，贵州大地山青水碧。上午10时30分许，习近平来到空军航空兵某师，首先到场站医院了解部队疫情防控和支援地方防疫情况。习近平指出，新冠肺炎疫情暴发以来，我军听党指挥、闻令而动，在疫情防控斗争中发挥了重要作用、作出了突出贡献。当前，国外疫情形势依然严峻，我国疫情防控工作依然繁重，特别是春节期间人员流动和聚集增多，疫情传播风险增加。要毫不放松抓好部队常态化疫情防控，做好支援地方抗击疫情准备，巩固和发展我国疫情防控良好态势。

　　在外场机棚，习近平听取师基本情况和主战装备情况介绍。某型特种机是空中信息作战的重要装备，习近平登上该飞机，进入任务舱察看任务系统，了解特种机工作流程和执行任务情况。习近平强调，现代战争中，制信息权成为赢得战争胜利的关键。要加快发展先进装备，加紧培养专业人才，加强针对性对抗性训练，推动新质战斗力加速提升。

　　习近平对官兵学习生活很关心，专门到某飞行大队空勤楼察看有关情况。在飞行准备室，大队正在组织新飞行员进行飞行技术研究。看到习主席到来，大家非常激动，向习主席敬礼问好，报告训练情况。习近平指出，对部队来说，抓好军事训练非常重要。要贯彻落实中央军委军事训练会议精神，结合空军部队实际，大抓实战化军事训练，不断提高训练水平和打赢能力。

　　随后，习近平来到空勤楼走廊，察看春节前有关文体活动设施准备情况，了解部队统筹疫情防控和节日生活有关安排。得知部队准备了微视频到前线、送春联、球类比赛等多种形式的趣味活动，习近平称赞活动有兵味、有特色，叮嘱各级要全面落实疫情防控要求，合理安排节日有关活动，让官兵在部队过好年。

　　在热烈的掌声中，习近平亲切接见全师官兵代表，同大家合影留念。习近平强调，今年是我们党建党100周年，是“十四五”开局之年，做好今年工作意义重大。要认真贯彻党中央和中央军委决策部署，抓好常态化疫情防控，全面加强练兵备战，扎实推进各项工作，在新的起点上不断开创部队建设新局面，以优异成绩迎接建党100周年。

　　习近平最后表示，春节期间，全军部队要加强战备值班，守卫好国家安全和人民幸福安宁。要在常态化疫情防控前提下，把官兵节日期间生活安排好，让大家过一个喜庆祥和、欢乐安全的春节。

　　张又侠等参加活动。


　　《 人民日报 》（ 2021年02月07日 01 版）


(责编：马昌                        )"
5,31556004,http://jhsjk.people.cn/article/31556004,国防,习近平给“硬骨头六连”全体官兵回信,43850,人民网－人民日报,"
 
习近平给“硬骨头六连”全体官兵回信
勉励他们把“硬骨头精神”发扬光大 把连队建设得更加坚强
来源：人民网－人民日报        ??发布时间：2020-01-20


　　新华社北京1月19日电?中共中央总书记、国家主席、中央军委主席习近平1月18日给74集团军某旅“硬骨头六连”全体官兵回信，勉励他们牢记强军目标，传承红色基因，苦练打赢本领，把“硬骨头精神”发扬光大，把连队建设得更加坚强，并向官兵们和他们的家人致以新春祝福。回信全文如下：

“硬骨头六连”全体官兵：

　　你们好！来信收悉。2004年，我专程到连队看望了你们。得知你们移防后发扬光荣传统，取得新的成绩和进步，我感到很高兴。

　　基层是部队全部工作和战斗力的基础。希望你们牢记强军目标，传承红色基因，苦练打赢本领，把“硬骨头精神”发扬光大，把连队建设得更加坚强。

　　春节快要到了，我向你们和你们的家人，致以诚挚的问候和美好的祝福。

　　习近平?

　　2020年1月18日?

　　“硬骨头六连”是一支有着光荣传统的英雄连队。1964年，该连被国防部授予“硬骨头六连”荣誉称号。习近平心系基层、情系官兵，对“硬骨头六连”一直十分关心。2004年，习近平专门出席连队命名40周年纪念大会，亲切看望连队。2014年古田全军政治工作会议时，习近平接见连队时任指导员，向全连官兵表示亲切问候。近日，“硬骨头六连”全体官兵满怀深情给习主席写信，汇报他们移防以来工作、学习等方面情况，表达牢记习主席嘱托、发扬光荣传统、矢志强军打赢的坚定决心。

　　《 人民日报 》（ 2020年01月20日 01 版）


(责编：常雪梅                     )"
6,30606998,http://jhsjk.people.cn/article/30606998,国防,习近平给“王杰班”全体战士回信,43498,人民网－人民日报,"

习近平给“王杰班”全体战士回信
勉励他们努力做新时代的好战士 在人民军队的大熔炉中书写火热的青春篇章
来源：人民网－人民日报        ??发布时间：2019-02-02


近日，中共中央总书记、国家主席、中央军委主席习近平给71集团军某旅“王杰班”全体战士回信，勉励他们好好学习、坚定信念、苦练本领、再创佳绩，努力做新时代的好战士，在人民军队的大熔炉中书写火热的青春篇章，并向战士们和家人致以新春祝福。回信全文如下：

“王杰班”全体战士：

你们好！来信收悉，看到一年多前我们一起交流的照片，当时的情景又浮现在我的眼前。得知你们认真学习贯彻新时代党的强军思想，弘扬王杰精神，努力拼搏奋斗，取得了新的优异成绩，我为你们感到高兴。

推进强军事业，基层大有可为。希望你们好好学习、坚定信念、苦练本领、再创佳绩，努力做新时代的好战士，在人民军队的大熔炉中书写火热的青春篇章。

春节就要到了，我向你们和你们的家人，致以新春的问候和美好的祝福。

习近平????

2019年1月21日??

习主席始终心系基层，情系官兵。2017年12月13日，习主席视察71集团军，专程来到伟大的共产主义战士王杰同志生前所在连，深入“王杰班”座谈交流，勉励全班同志发扬光荣传统，不断取得新的成绩。统帅牵挂士兵，士兵想念统帅，统帅与士兵心连心。近日，“王杰班”全体战士满怀深情给习主席写信，汇报他们一年多来工作、学习和个人成长进步等方面情况，表达牢记习主席嘱托，砥砺奋进、再创佳绩的决心和态度。

（新华社北京2月1日电）

《 人民日报 》（ 2019年02月02日 01 版）


(责编：常雪梅                     )"
7,29879544,http://jhsjk.people.cn/article/29879544,国防,习近平在第十三届全国人民代表大会第一次会议上的讲话,43180,人民网－人民日报,"
 
习近平在第十三届全国人民代表大会第一次会议上的讲话
（2018年3月20日）
来源：人民网－人民日报        ??发布时间：2018-03-21


各位代表：

这次大会选举我继续担任中华人民共和国主席，我对各位代表和全国各族人民给予我的信任，表示衷心的感谢！

担任中华人民共和国主席这一崇高职务，使命光荣，责任重大。我将一如既往，忠实履行宪法赋予的职责，忠于祖国，忠于人民，恪尽职守，竭尽全力，勤勉工作，赤诚奉献，做人民的勤务员，接受人民监督，决不辜负各位代表和全国各族人民的信任和重托！

一切国家机关工作人员，无论身居多高的职位，都必须牢记我们的共和国是中华人民共和国，始终要把人民放在心中最高的位置，始终全心全意为人民服务，始终为人民利益和幸福而努力工作。

各位代表！

人民是历史的创造者，人民是真正的英雄。波澜壮阔的中华民族发展史是中国人民书写的！博大精深的中华文明是中国人民创造的！历久弥新的中华民族精神是中国人民培育的！中华民族迎来了从站起来、富起来到强起来的伟大飞跃是中国人民奋斗出来的！

中国人民的特质、禀赋不仅铸就了绵延几千年发展至今的中华文明，而且深刻影响着当代中国发展进步，深刻影响着当代中国人的精神世界。中国人民在长期奋斗中培育、继承、发展起来的伟大民族精神，为中国发展和人类文明进步提供了强大精神动力。

――中国人民是具有伟大创造精神的人民。在几千年历史长河中，中国人民始终辛勤劳作、发明创造，我国产生了老子、孔子、庄子、孟子、墨子、孙子、韩非子等闻名于世的伟大思想巨匠，发明了造纸术、火药、印刷术、指南针等深刻影响人类文明进程的伟大科技成果，创作了诗经、楚辞、汉赋、唐诗、宋词、元曲、明清小说等伟大文艺作品，传承了格萨尔王、玛纳斯、江格尔等震撼人心的伟大史诗，建设了万里长城、都江堰、大运河、故宫、布达拉宫等气势恢弘的伟大工程。今天，中国人民的创造精神正在前所未有地迸发出来，推动我国日新月异向前发展，大踏步走在世界前列。我相信，只要13亿多中国人民始终发扬这种伟大创造精神，我们就一定能够创造出一个又一个人间奇迹！

――中国人民是具有伟大奋斗精神的人民。在几千年历史长河中，中国人民始终革故鼎新、自强不息，开发和建设了祖国辽阔秀丽的大好河山，开拓了波涛万顷的辽阔海疆，开垦了物产丰富的广袤粮田，治理了桀骜不驯的千百条大江大河，战胜了数不清的自然灾害，建设了星罗棋布的城镇乡村，发展了门类齐全的产业，形成了多姿多彩的生活。中国人民自古就明白，世界上没有坐享其成的好事，要幸福就要奋斗。今天，中国人民拥有的一切，凝聚着中国人的聪明才智，浸透着中国人的辛勤汗水，蕴涵着中国人的巨大牺牲。我相信，只要13亿多中国人民始终发扬这种伟大奋斗精神，我们就一定能够达到创造人民更加美好生活的宏伟目标！

――中国人民是具有伟大团结精神的人民。在几千年历史长河中，中国人民始终团结一心、同舟共济，建立了统一的多民族国家，发展了56个民族多元一体、交织交融的融洽民族关系，形成了守望相助的中华民族大家庭。特别是近代以后，在外来侵略寇急祸重的严峻形势下，我国各族人民手挽着手、肩并着肩，英勇奋斗，浴血奋战，打败了一切穷凶极恶的侵略者，捍卫了民族独立和自由，共同书写了中华民族保卫祖国、抵御外侮的壮丽史诗。今天，中国取得的令世人瞩目的发展成就，更是全国各族人民同心同德、同心同向努力的结果。中国人民从亲身经历中深刻认识到，团结就是力量，团结才能前进，一个四分五裂的国家不可能发展进步。我相信，只要13亿多中国人民始终发扬这种伟大团结精神，我们就一定能够形成勇往直前、无坚不摧的强大力量！

――中国人民是具有伟大梦想精神的人民。在几千年历史长河中，中国人民始终心怀梦想、不懈追求，我们不仅形成了小康生活的理念，而且秉持天下为公的情怀，盘古开天、女娲补天、伏羲画卦、神农尝草、夸父追日、精卫填海、愚公移山等我国古代神话深刻反映了中国人民勇于追求和实现梦想的执着精神。中国人民相信，山再高，往上攀，总能登顶；路再长，走下去，定能到达。近代以来，实现中华民族伟大复兴成为中华民族最伟大的梦想，中国人民百折不挠、坚忍不拔，以同敌人血战到底的气概、在自力更生的基础上光复旧物的决心、自立于世界民族之林的能力，为实现这个伟大梦想进行了170多年的持续奋斗。今天，中国人民比历史上任何时期都更接近、更有信心和能力实现中华民族伟大复兴。我相信，只要13亿多中国人民始终发扬这种伟大梦想精神，我们就一定能够实现中华民族伟大复兴！

同志们！有这样伟大的人民，有这样伟大的民族，有这样的伟大民族精神，是我们的骄傲，是我们坚定中国特色社会主义道路自信、理论自信、制度自信、文化自信的底气，也是我们风雨无阻、高歌行进的根本力量！

我国是工人阶级领导的、以工农联盟为基础的人民民主专政的社会主义国家，国家一切权力属于人民。我们必须始终坚持人民立场，坚持人民主体地位，虚心向人民学习，倾听人民呼声，汲取人民智慧，把人民拥护不拥护、赞成不赞成、高兴不高兴、答应不答应作为衡量一切工作得失的根本标准，着力解决好人民最关心最直接最现实的利益问题，让全体中国人民和中华儿女在实现中华民族伟大复兴的历史进程中共享幸福和荣光！

各位代表！

人民有信心，国家才有未来，国家才有力量。中国特色社会主义进入了新时代，勤劳勇敢的中国人民更加自信自尊自强。中国这个古老而又现代的东方大国朝气蓬勃、气象万千，中国特色社会主义道路、理论、制度、文化焕发出强大生机活力，奇迹正在中华大地上不断涌现。我们对未来充满信心。

历史已经并将继续证明，只有社会主义才能救中国，只有坚持和发展中国特色社会主义才能实现中华民族伟大复兴。国内外形势正在发生深刻复杂变化，我国发展仍处于重要战略机遇期。我们具备过去难以想象的良好发展条件，但也面临着许多前所未有的困难和挑战。中国共产党第十九次全国代表大会描绘了决胜全面建成小康社会、开启全面建设社会主义现代化国家新征程、实现中华民族伟大复兴的宏伟蓝图。把蓝图变为现实，是一场新的长征。路虽然还很长，但时间不等人，容不得有半点懈怠。我们决不能安于现状、贪图安逸、乐而忘忧，必须不忘初心、牢记使命、奋发有为，努力创造属于新时代的光辉业绩！

我们要适应我国发展新的历史方位，紧扣我国社会主要矛盾的变化，高举中国特色社会主义伟大旗帜，全面贯彻党的十九大和十九届二中、三中全会精神，坚持以马克思列宁主义、毛泽东思想、邓小平理论、“三个代表”重要思想、科学发展观、新时代中国特色社会主义思想为指导，坚持稳中求进工作总基调，坚持以人民为中心的发展思想，统揽伟大斗争、伟大工程、伟大事业、伟大梦想，统筹推进“五位一体”总体布局，协调推进“四个全面”战略布局，奋力开创新时代中国特色社会主义事业新局面！

我们的目标是，到本世纪中叶把我国建成富强民主文明和谐美丽的社会主义现代化强国。

我们要以更大的力度、更实的措施全面深化改革、扩大对外开放，贯彻新发展理念，推动经济高质量发展，建设现代化经济体系，不断增强我国经济实力、科技实力、综合国力，让社会主义市场经济的活力更加充分地展示出来。

我们要以更大的力度、更实的措施发展社会主义民主，坚持党的领导、人民当家作主、依法治国有机统一，建设社会主义法治国家，推进国家治理体系和治理能力现代化，巩固和发展最广泛的爱国统一战线，确保人民享有更加广泛、更加充分、更加真实的民主权利，让社会主义民主的优越性更加充分地展示出来。

我们要以更大的力度、更实的措施加快建设社会主义文化强国，培育和践行社会主义核心价值观，推动中华优秀传统文化创造性转化、创新性发展，让中华文明的影响力、凝聚力、感召力更加充分地展示出来。

我们要以更大的力度、更实的措施保障和改善民生，加强和创新社会治理，坚决打赢脱贫攻坚战，促进社会公平正义，在幼有所育、学有所教、劳有所得、病有所医、老有所养、住有所居、弱有所扶上不断取得新进展，让实现全体人民共同富裕在广大人民现实生活中更加充分地展示出来。

我们要以更大的力度、更实的措施推进生态文明建设，加快形成绿色生产方式和生活方式，着力解决突出环境问题，使我们的国家天更蓝、山更绿、水更清、环境更优美，让绿水青山就是金山银山的理念在祖国大地上更加充分地展示出来。

我们要坚持党对人民军队的绝对领导，全面贯彻新时代党的强军思想，不断推进政治建军、改革强军、科技兴军、依法治军，加快形成中国特色、世界一流的武装力量体系，构建中国特色现代作战体系，推动人民军队切实担负起党和人民赋予的新时代使命任务。

我们要全面准确贯彻“一国两制”、“港人治港”、“澳人治澳”、高度自治的方针，严格依照宪法和基本法办事，支持特别行政区政府和行政长官依法施政、积极作为，支持香港、澳门融入国家发展大局，增强香港、澳门同胞的国家意识和爱国精神，维护香港、澳门长期繁荣稳定。我们要坚持一个中国原则，坚持“九二共识”，推动两岸关系和平发展，扩大两岸经济文化交流合作，同台湾同胞分享大陆发展的机遇，增进台湾同胞福祉，推进祖国和平统一进程。

维护国家主权和领土完整，实现祖国完全统一，是全体中华儿女共同愿望，是中华民族根本利益所在。在这个民族大义和历史潮流面前，一切分裂祖国的行径和伎俩都是注定要失败的，都会受到人民的谴责和历史的惩罚！中国人民有坚定的意志、充分的信心、足够的能力挫败一切分裂国家的活动！中国人民和中华民族有一个共同信念，这就是：我们伟大祖国的每一寸领土都绝对不能也绝对不可能从中国分割出去！

各位代表！

我们生活的世界充满希望，也充满挑战。中国人民历来富有正义感和同情心，历来把自己的前途命运同各国人民的前途命运紧密联系在一起，始终密切关注和无私帮助仍然生活在战火、动荡、饥饿、贫困中的有关国家的人民，始终愿意尽最大努力为人类和平与发展作出贡献。中国人民这个愿望是真诚的，中国决不会以牺牲别国利益为代价来发展自己，中国发展不对任何国家构成威胁，中国永远不称霸、永远不搞扩张。只有那些习惯于威胁他人的人，才会把所有人都看成是威胁。对中国人民为人类和平与发展作贡献的真诚愿望和实际行动，任何人都不应该误读，更不应该曲解。人间自有公道在！

中国将继续高举和平、发展、合作、共赢的旗帜，始终不渝走和平发展道路、奉行互利共赢的开放战略。中国将继续积极维护国际公平正义，主张世界上的事情应该由各国人民商量着办，不会把自己的意志强加于人。中国将继续积极推进“一带一路”建设，加强同世界各国的交流合作，让中国改革发展造福人类。中国将继续积极参与全球治理体系变革和建设，为世界贡献更多中国智慧、中国方案、中国力量，推动建设持久和平、普遍安全、共同繁荣、开放包容、清洁美丽的世界，让人类命运共同体建设的阳光普照世界！

各位代表！

中国共产党领导是中国特色社会主义最本质的特征，中国共产党是国家最高政治领导力量，是实现中华民族伟大复兴的根本保证。东西南北中，党政军民学，党是领导一切的。全国各党派、各团体、各民族、各阶层、各界人士要紧密团结在党中央周围，增强“四个意识”，坚定“四个自信”，万众一心向前进。

中国共产党要担负起领导人民进行伟大社会革命的历史责任，必须勇于进行自我革命，坚持立党为公、执政为民，深入推进全面从严治党，坚决扫除一切消极腐败现象，始终与人民心心相印、与人民同甘共苦、与人民团结奋斗，永远保持马克思主义执政党本色，永远走在时代前列，永远做中国人民和中华民族的主心骨！

各位代表！

“等闲识得东风面，万紫千红总是春。”在中国共产党领导下，经过近70年奋斗，我们的人民共和国茁壮成长，正以崭新的姿态屹立于世界东方！

新时代属于每一个人，每一个人都是新时代的见证者、开创者、建设者。只要精诚团结、共同奋斗，就没有任何力量能够阻挡中国人民实现梦想的步伐！

我们要乘着新时代的浩荡东风，加满油，把稳舵，鼓足劲，让承载着13亿多中国人民伟大梦想的中华巨轮继续劈波斩浪、扬帆远航，胜利驶向充满希望的明天！

谢谢大家。

（新华社北京3月20日电）?

《 人民日报 》（ 2018年03月21日 02 版）


(责编：常雪梅                     )"
8,29613458,http://jhsjk.people.cn/article/29613458,国防,习近平：决胜全面建成小康社会 夺取新时代中国特色社会主义伟大胜利 ,43035,新华网,"

习近平：决胜全面建成小康社会 夺取新时代中国特色社会主义伟大胜利 
――在中国共产党第十九次全国代表大会上的报告
来源：新华网        ??发布时间：2017-10-27


决胜全面建成小康社会

夺取新时代中国特色社会主义伟大胜利

――在中国共产党第十九次全国代表大会上的报告

（2017年10月18日）

习近平

同志们：

现在，我代表第十八届中央委员会向大会作报告。

中国共产党第十九次全国代表大会，是在全面建成小康社会决胜阶段、中国特色社会主义进入新时代的关键时期召开的一次十分重要的大会。

大会的主题是：不忘初心，牢记使命，高举中国特色社会主义伟大旗帜，决胜全面建成小康社会，夺取新时代中国特色社会主义伟大胜利，为实现中华民族伟大复兴的中国梦不懈奋斗。

不忘初心，方得始终。中国共产党人的初心和使命，就是为中国人民谋幸福，为中华民族谋复兴。这个初心和使命是激励中国共产党人不断前进的根本动力。全党同志一定要永远与人民同呼吸、共命运、心连心，永远把人民对美好生活的向往作为奋斗目标，以永不懈怠的精神状态和一往无前的奋斗姿态，继续朝着实现中华民族伟大复兴的宏伟目标奋勇前进。

当前，国内外形势正在发生深刻复杂变化，我国发展仍处于重要战略机遇期，前景十分光明，挑战也十分严峻。全党同志一定要登高望远、居安思危，勇于变革、勇于创新，永不僵化、永不停滞，团结带领全国各族人民决胜全面建成小康社会，奋力夺取新时代中国特色社会主义伟大胜利。

一、过去五年的工作和历史性变革

十八大以来的五年，是党和国家发展进程中极不平凡的五年。面对世界经济复苏乏力、局部冲突和动荡频发、全球性问题加剧的外部环境，面对我国经济发展进入新常态等一系列深刻变化，我们坚持稳中求进工作总基调，迎难而上，开拓进取，取得了改革开放和社会主义现代化建设的历史性成就。

为贯彻十八大精神，党中央召开七次全会，分别就政府机构改革和职能转变、全面深化改革、全面推进依法治国、制定“十三五”规划、全面从严治党等重大问题作出决定和部署。五年来，我们统筹推进“五位一体”总体布局、协调推进“四个全面”战略布局，“十二五”规划胜利完成，“十三五”规划顺利实施，党和国家事业全面开创新局面。

经济建设取得重大成就。坚定不移贯彻新发展理念，坚决端正发展观念、转变发展方式，发展质量和效益不断提升。经济保持中高速增长，在世界主要国家中名列前茅，国内生产总值从五十四万亿元增长到八十万亿元，稳居世界第二，对世界经济增长贡献率超过百分之三十。供给侧结构性改革深入推进，经济结构不断优化，数字经济等新兴产业蓬勃发展，高铁、公路、桥梁、港口、机场等基础设施建设快速推进。农业现代化稳步推进，粮食生产能力达到一万二千亿斤。城镇化率年均提高一点二个百分点，八千多万农业转移人口成为城镇居民。区域发展协调性增强，“一带一路”建设、京津冀协同发展、长江经济带发展成效显著。创新驱动发展战略大力实施，创新型国家建设成果丰硕，天宫、蛟龙、天眼、悟空、墨子、大飞机等重大科技成果相继问世。南海岛礁建设积极推进。开放型经济新体制逐步健全，对外贸易、对外投资、外汇储备稳居世界前列。

全面深化改革取得重大突破。蹄疾步稳推进全面深化改革，坚决破除各方面体制机制弊端。改革全面发力、多点突破、纵深推进，着力增强改革系统性、整体性、协同性，压茬拓展改革广度和深度，推出一千五百多项改革举措，重要领域和关键环节改革取得突破性进展，主要领域改革主体框架基本确立。中国特色社会主义制度更加完善，国家治理体系和治理能力现代化水平明显提高，全社会发展活力和创新活力明显增强。

民主法治建设迈出重大步伐。积极发展社会主义民主政治，推进全面依法治国，党的领导、人民当家作主、依法治国有机统一的制度建设全面加强，党的领导体制机制不断完善，社会主义民主不断发展，党内民主更加广泛，社会主义协商民主全面展开，爱国统一战线巩固发展，民族宗教工作创新推进。科学立法、严格执法、公正司法、全民守法深入推进，法治国家、法治政府、法治社会建设相互促进，中国特色社会主义法治体系日益完善，全社会法治观念明显增强。国家监察体制改革试点取得实效，行政体制改革、司法体制改革、权力运行制约和监督体系建设有效实施。

思想文化建设取得重大进展。加强党对意识形态工作的领导，党的理论创新全面推进，马克思主义在意识形态领域的指导地位更加鲜明，中国特色社会主义和中国梦深入人心，社会主义核心价值观和中华优秀传统文化广泛弘扬，群众性精神文明创建活动扎实开展。公共文化服务水平不断提高，文艺创作持续繁荣，文化事业和文化产业蓬勃发展，互联网建设管理运用不断完善，全民健身和竞技体育全面发展。主旋律更加响亮，正能量更加强劲，文化自信得到彰显，国家文化软实力和中华文化影响力大幅提升，全党全社会思想上的团结统一更加巩固。

人民生活不断改善。深入贯彻以人民为中心的发展思想，一大批惠民举措落地实施，人民获得感显著增强。脱贫攻坚战取得决定性进展，六千多万贫困人口稳定脱贫，贫困发生率从百分之十点二下降到百分之四以下。教育事业全面发展，中西部和农村教育明显加强。就业状况持续改善，城镇新增就业年均一千三百万人以上。城乡居民收入增速超过经济增速，中等收入群体持续扩大。覆盖城乡居民的社会保障体系基本建立，人民健康和医疗卫生水平大幅提高，保障性住房建设稳步推进。社会治理体系更加完善，社会大局保持稳定，国家安全全面加强。

生态文明建设成效显著。大力度推进生态文明建设，全党全国贯彻绿色发展理念的自觉性和主动性显著增强，忽视生态环境保护的状况明显改变。生态文明制度体系加快形成，主体功能区制度逐步健全，国家公园体制试点积极推进。全面节约资源有效推进，能源资源消耗强度大幅下降。重大生态保护和修复工程进展顺利，森林覆盖率持续提高。生态环境治理明显加强，环境状况得到改善。引导应对气候变化国际合作，成为全球生态文明建设的重要参与者、贡献者、引领者。

强军兴军开创新局面。着眼于实现中国梦强军梦，制定新形势下军事战略方针，全力推进国防和军队现代化。召开古田全军政治工作会议，恢复和发扬我党我军光荣传统和优良作风，人民军队政治生态得到有效治理。国防和军队改革取得历史性突破，形成军委管总、战区主战、军种主建新格局，人民军队组织架构和力量体系实现革命性重塑。加强练兵备战，有效遂行海上维权、反恐维稳、抢险救灾、国际维和、亚丁湾护航、人道主义救援等重大任务，武器装备加快发展，军事斗争准备取得重大进展。人民军队在中国特色强军之路上迈出坚定步伐。

港澳台工作取得新进展。全面准确贯彻“一国两制”方针，牢牢掌握宪法和基本法赋予的中央对香港、澳门全面管治权，深化内地和港澳地区交流合作，保持香港、澳门繁荣稳定。坚持一个中国原则和“九二共识”，推动两岸关系和平发展，加强两岸经济文化交流合作，实现两岸领导人历史性会晤。妥善应对台湾局势变化，坚决反对和遏制“台独”分裂势力，有力维护台海和平稳定。

全方位外交布局深入展开。全面推进中国特色大国外交，形成全方位、多层次、立体化的外交布局，为我国发展营造了良好外部条件。实施共建“一带一路”倡议，发起创办亚洲基础设施投资银行，设立丝路基金，举办首届“一带一路”国际合作高峰论坛、亚太经合组织领导人非正式会议、二十国集团领导人杭州峰会、金砖国家领导人厦门会晤、亚信峰会。倡导构建人类命运共同体，促进全球治理体系变革。我国国际影响力、感召力、塑造力进一步提高，为世界和平与发展作出新的重大贡献。

全面从严治党成效卓著。全面加强党的领导和党的建设，坚决改变管党治党宽松软状况。推动全党尊崇党章，增强政治意识、大局意识、核心意识、看齐意识，坚决维护党中央权威和集中统一领导，严明党的政治纪律和政治规矩，层层落实管党治党政治责任。坚持照镜子、正衣冠、洗洗澡、治治病的要求，开展党的群众路线教育实践活动和“三严三实”专题教育，推进“两学一做”学习教育常态化制度化，全党理想信念更加坚定、党性更加坚强。贯彻新时期好干部标准，选人用人状况和风气明显好转。党的建设制度改革深入推进，党内法规制度体系不断完善。把纪律挺在前面，着力解决人民群众反映最强烈、对党的执政基础威胁最大的突出问题。出台中央八项规定，严厉整治形式主义、官僚主义、享乐主义和奢靡之风，坚决反对特权。巡视利剑作用彰显，实现中央和省级党委巡视全覆盖。坚持反腐败无禁区、全覆盖、零容忍，坚定不移“打虎”、“拍蝇”、“猎狐”，不敢腐的目标初步实现，不能腐的笼子越扎越牢，不想腐的堤坝正在构筑，反腐败斗争压倒性态势已经形成并巩固发展。

五年来的成就是全方位的、开创性的，五年来的变革是深层次的、根本性的。五年来，我们党以巨大的政治勇气和强烈的责任担当，提出一系列新理念新思想新战略，出台一系列重大方针政策，推出一系列重大举措，推进一系列重大工作，解决了许多长期想解决而没有解决的难题，办成了许多过去想办而没有办成的大事，推动党和国家事业发生历史性变革。这些历史性变革，对党和国家事业发展具有重大而深远的影响。

五年来，我们勇于面对党面临的重大风险考验和党内存在的突出问题，以顽强意志品质正风肃纪、反腐惩恶，消除了党和国家内部存在的严重隐患，党内政治生活气象更新，党内政治生态明显好转，党的创造力、凝聚力、战斗力显著增强，党的团结统一更加巩固，党群关系明显改善，党在革命性锻造中更加坚强，焕发出新的强大生机活力，为党和国家事业发展提供了坚强政治保证。

同时，必须清醒看到，我们的工作还存在许多不足，也面临不少困难和挑战。主要是：发展不平衡不充分的一些突出问题尚未解决，发展质量和效益还不高，创新能力不够强，实体经济水平有待提高，生态环境保护任重道远；民生领域还有不少短板，脱贫攻坚任务艰巨，城乡区域发展和收入分配差距依然较大，群众在就业、教育、医疗、居住、养老等方面面临不少难题；社会文明水平尚需提高；社会矛盾和问题交织叠加，全面依法治国任务依然繁重，国家治理体系和治理能力有待加强；意识形态领域斗争依然复杂，国家安全面临新情况；一些改革部署和重大政策措施需要进一步落实；党的建设方面还存在不少薄弱环节。这些问题，必须着力加以解决。

五年来的成就，是党中央坚强领导的结果，更是全党全国各族人民共同奋斗的结果。我代表中共中央，向全国各族人民，向各民主党派、各人民团体和各界爱国人士，向香港特别行政区同胞、澳门特别行政区同胞和台湾同胞以及广大侨胞，向关心和支持中国现代化建设的各国朋友，表示衷心的感谢！

同志们！改革开放之初，我们党发出了走自己的路、建设中国特色社会主义的伟大号召。从那时以来，我们党团结带领全国各族人民不懈奋斗，推动我国经济实力、科技实力、国防实力、综合国力进入世界前列，推动我国国际地位实现前所未有的提升，党的面貌、国家的面貌、人民的面貌、军队的面貌、中华民族的面貌发生了前所未有的变化，中华民族正以崭新姿态屹立于世界的东方。

经过长期努力，中国特色社会主义进入了新时代，这是我国发展新的历史方位。

中国特色社会主义进入新时代，意味着近代以来久经磨难的中华民族迎来了从站起来、富起来到强起来的伟大飞跃，迎来了实现中华民族伟大复兴的光明前景；意味着科学社会主义在二十一世纪的中国焕发出强大生机活力，在世界上高高举起了中国特色社会主义伟大旗帜；意味着中国特色社会主义道路、理论、制度、文化不断发展，拓展了发展中国家走向现代化的途径，给世界上那些既希望加快发展又希望保持自身独立性的国家和民族提供了全新选择，为解决人类问题贡献了中国智慧和中国方案。

这个新时代，是承前启后、继往开来、在新的历史条件下继续夺取中国特色社会主义伟大胜利的时代，是决胜全面建成小康社会、进而全面建设社会主义现代化强国的时代，是全国各族人民团结奋斗、不断创造美好生活、逐步实现全体人民共同富裕的时代，是全体中华儿女哿ν心、奋力实现中华民族伟大复兴中国梦的时代，是我国日益走近世界舞台中央、不断为人类作出更大贡献的时代。

中国特色社会主义进入新时代，我国社会主要矛盾已经转化为人民日益增长的美好生活需要和不平衡不充分的发展之间的矛盾。我国稳定解决了十几亿人的温饱问题，总体上实现小康，不久将全面建成小康社会，人民美好生活需要日益广泛，不仅对物质文化生活提出了更高要求，而且在民主、法治、公平、正义、安全、环境等方面的要求日益增长。同时，我国社会生产力水平总体上显著提高，社会生产能力在很多方面进入世界前列，更加突出的问题是发展不平衡不充分，这已经成为满足人民日益增长的美好生活需要的主要制约因素。

必须认识到，我国社会主要矛盾的变化是关系全局的历史性变化，对党和国家工作提出了许多新要求。我们要在继续推动发展的基础上，着力解决好发展不平衡不充分问题，大力提升发展质量和效益，更好满足人民在经济、政治、文化、社会、生态等方面日益增长的需要，更好推动人的全面发展、社会全面进步。

必须认识到，我国社会主要矛盾的变化，没有改变我们对我国社会主义所处历史阶段的判断，我国仍处于并将长期处于社会主义初级阶段的基本国情没有变，我国是世界最大发展中国家的国际地位没有变。全党要牢牢把握社会主义初级阶段这个基本国情，牢牢立足社会主义初级阶段这个最大实际，牢牢坚持党的基本路线这个党和国家的生命线、人民的幸福线，领导和团结全国各族人民，以经济建设为中心，坚持四项基本原则，坚持改革开放，自力更生，艰苦创业，为把我国建设成为富强民主文明和谐美丽的社会主义现代化强国而奋斗。

同志们！中国特色社会主义进入新时代，在中华人民共和国发展史上、中华民族发展史上具有重大意义，在世界社会主义发展史上、人类社会发展史上也具有重大意义。全党要坚定信心、奋发有为，让中国特色社会主义展现出更加强大的生命力！

二、新时代中国共产党的历史使命

一百年前，十月革命一声炮响，给中国送来了马克思列宁主义。中国先进分子从马克思列宁主义的科学真理中看到了解决中国问题的出路。在近代以后中国社会的剧烈运动中，在中国人民反抗封建统治和外来侵略的激烈斗争中，在马克思列宁主义同中国工人运动的结合过程中，一九二一年中国共产党应运而生。从此，中国人民谋求民族独立、人民解放和国家富强、人民幸福的斗争就有了主心骨，中国人民就从精神上由被动转为主动。

中华民族有五千多年的文明历史，创造了灿烂的中华文明，为人类作出了卓越贡献，成为世界上伟大的民族。鸦片战争后，中国陷入内忧外患的黑暗境地，中国人民经历了战乱频仍、山河破碎、民不聊生的深重苦难。为了民族复兴，无数仁人志士不屈不挠、前仆后继，进行了可歌可泣的斗争，进行了各式各样的尝试，但终究未能改变旧中国的社会性质和中国人民的悲惨命运。

实现中华民族伟大复兴是近代以来中华民族最伟大的梦想。中国共产党一经成立，就把实现共产主义作为党的最高理想和最终目标，义无反顾肩负起实现中华民族伟大复兴的历史使命，团结带领人民进行了艰苦卓绝的斗争，谱写了气吞山河的壮丽史诗。

我们党深刻认识到，实现中华民族伟大复兴，必须推翻压在中国人民头上的帝国主义、封建主义、官僚资本主义三座大山，实现民族独立、人民解放、国家统一、社会稳定。我们党团结带领人民找到了一条以农村包围城市、武装夺取政权的正确革命道路，进行了二十八年浴血奋战，完成了新民主主义革命，一九四九年建立了中华人民共和国，实现了中国从几千年封建专制政治向人民民主的伟大飞跃。

我们党深刻认识到，实现中华民族伟大复兴，必须建立符合我国实际的先进社会制度。我们党团结带领人民完成社会主义革命，确立社会主义基本制度，推进社会主义建设，完成了中华民族有史以来最为广泛而深刻的社会变革，为当代中国一切发展进步奠定了根本政治前提和制度基础，实现了中华民族由近代不断衰落到根本扭转命运、持续走向繁荣富强的伟大飞跃。

我们党深刻认识到，实现中华民族伟大复兴，必须合乎时代潮流、顺应人民意愿，勇于改革开放，让党和人民事业始终充满奋勇前进的强大动力。我们党团结带领人民进行改革开放新的伟大革命，破除阻碍国家和民族发展的一切思想和体制障碍，开辟了中国特色社会主义道路，使中国大踏步赶上时代。

九十六年来，为了实现中华民族伟大复兴的历史使命，无论是弱小还是强大，无论是顺境还是逆境，我们党都初心不改、矢志不渝，团结带领人民历经千难万险，付出巨大牺牲，敢于面对曲折，勇于修正错误，攻克了一个又一个看似不可攻克的难关，创造了一个又一个彪炳史册的人间奇迹。

同志们！今天，我们比历史上任何时期都更接近、更有信心和能力实现中华民族伟大复兴的目标。

行百里者半九十。中华民族伟大复兴，绝不是轻轻松松、敲锣打鼓就能实现的。全党必须准备付出更为艰巨、更为艰苦的努力。

实现伟大梦想，必须进行伟大斗争。社会是在矛盾运动中前进的，有矛盾就会有斗争。我们党要团结带领人民有效应对重大挑战、抵御重大风险、克服重大阻力、解决重大矛盾，必须进行具有许多新的历史特点的伟大斗争，任何贪图享受、消极懈怠、回避矛盾的思想和行为都是错误的。全党要更加自觉地坚持党的领导和我国社会主义制度，坚决反对一切削弱、歪曲、否定党的领导和我国社会主义制度的言行；更加自觉地维护人民利益，坚决反对一切损害人民利益、脱离群众的行为；更加自觉地投身改革创新时代潮流，坚决破除一切顽瘴痼疾；更加自觉地维护我国主权、安全、发展利益，坚决反对一切分裂祖国、破坏民族团结和社会和谐稳定的行为；更加自觉地防范各种风险，坚决战胜一切在政治、经济、文化、社会等领域和自然界出现的困难和挑战。全党要充分认识这场伟大斗争的长期性、复杂性、艰巨性，发扬斗争精神，提高斗争本领，不断夺取伟大斗争新胜利。

实现伟大梦想，必须建设伟大工程。这个伟大工程就是我们党正在深入推进的党的建设新的伟大工程。历史已经并将继续证明，没有中国共产党的领导，民族复兴必然是空想。我们党要始终成为时代先锋、民族脊梁，始终成为马克思主义执政党，自身必须始终过硬。全党要更加自觉地坚定党性原则，勇于直面问题，敢于刮骨疗毒，消除一切损害党的先进性和纯洁性的因素，清除一切侵蚀党的健康肌体的病毒，不断增强党的政治领导力、思想引领力、群众组织力、社会号召力，确保我们党永葆旺盛生命力和强大战斗力。

实现伟大梦想，必须推进伟大事业。中国特色社会主义是改革开放以来党的全部理论和实践的主题，是党和人民历尽千辛万苦、付出巨大代价取得的根本成就。中国特色社会主义道路是实现社会主义现代化、创造人民美好生活的必由之路，中国特色社会主义理论体系是指导党和人民实现中华民族伟大复兴的正确理论，中国特色社会主义制度是当代中国发展进步的根本制度保障，中国特色社会主义文化是激励全党全国各族人民奋勇前进的强大精神力量。全党要更加自觉地增强道路自信、理论自信、制度自信、文化自信，既不走封闭僵化的老路，也不走改旗易帜的邪路，保持政治定力，坚持实干兴邦，始终坚持和发展中国特色社会主义。

伟大斗争，伟大工程，伟大事业，伟大梦想，紧密联系、相互贯通、相互作用，其中起决定性作用的是党的建设新的伟大工程。推进伟大工程，要结合伟大斗争、伟大事业、伟大梦想的实践来进行，确保党在世界形势深刻变化的历史进程中始终走在时代前列，在应对国内外各种风险和考验的历史进程中始终成为全国人民的主心骨，在坚持和发展中国特色社会主义的历史进程中始终成为坚强领导核心。

同志们！使命呼唤担当，使命引领未来。我们要不负人民重托、无愧历史选择，在新时代中国特色社会主义的伟大实践中，以党的坚强领导和顽强奋斗，激励全体中华儿女不断奋进，凝聚起同心共筑中国梦的磅礴力量！

三、新时代中国特色社会主义思想和基本方略

十八大以来，国内外形势变化和我国各项事业发展都给我们提出了一个重大时代课题，这就是必须从理论和实践结合上系统回答新时代坚持和发展什么样的中国特色社会主义、怎样坚持和发展中国特色社会主义，包括新时代坚持和发展中国特色社会主义的总目标、总任务、总体布局、战略布局和发展方向、发展方式、发展动力、战略步骤、外部条件、政治保证等基本问题，并且要根据新的实践对经济、政治、法治、科技、文化、教育、民生、民族、宗教、社会、生态文明、国家安全、国防和军队、“一国两制”和祖国统一、统一战线、外交、党的建设等各方面作出理论分析和政策指导，以利于更好坚持和发展中国特色社会主义。

围绕这个重大时代课题，我们党坚持以马克思列宁主义、毛泽东思想、邓小平理论、“三个代表”重要思想、科学发展观为指导，坚持解放思想、实事求是、与时俱进、求真务实，坚持辩证唯物主义和历史唯物主义，紧密结合新的时代条件和实践要求，以全新的视野深化对共产党执政规律、社会主义建设规律、人类社会发展规律的认识，进行艰辛理论探索，取得重大理论创新成果，形成了新时代中国特色社会主义思想。

新时代中国特色社会主义思想，明确坚持和发展中国特色社会主义，总任务是实现社会主义现代化和中华民族伟大复兴，在全面建成小康社会的基础上，分两步走在本世纪中叶建成富强民主文明和谐美丽的社会主义现代化强国；明确新时代我国社会主要矛盾是人民日益增长的美好生活需要和不平衡不充分的发展之间的矛盾，必须坚持以人民为中心的发展思想，不断促进人的全面发展、全体人民共同富裕；明确中国特色社会主义事业总体布局是“五位一体”、战略布局是“四个全面”，强调坚定道路自信、理论自信、制度自信、文化自信；明确全面深化改革总目标是完善和发展中国特色社会主义制度、推进国家治理体系和治理能力现代化；明确全面推进依法治国总目标是建设中国特色社会主义法治体系、建设社会主义法治国家；明确党在新时代的强军目标是建设一支听党指挥、能打胜仗、作风优良的人民军队，把人民军队建设成为世界一流军队；明确中国特色大国外交要推动构建新型国际关系，推动构建人类命运共同体；明确中国特色社会主义最本质的特征是中国共产党领导，中国特色社会主义制度的最大优势是中国共产党领导，党是最高政治领导力量，提出新时代党的建设总要求，突出政治建设在党的建设中的重要地位。

新时代中国特色社会主义思想，是对马克思列宁主义、毛泽东思想、邓小平理论、“三个代表”重要思想、科学发展观的继承和发展，是马克思主义中国化最新成果，是党和人民实践经验和集体智慧的结晶，是中国特色社会主义理论体系的重要组成部分，是全党全国人民为实现中华民族伟大复兴而奋斗的行动指南，必须长期坚持并不断发展。

全党要深刻领会新时代中国特色社会主义思想的精神实质和丰富内涵，在各项工作中全面准确贯彻落实。

（一）坚持党对一切工作的领导。党政军民学，东西南北中，党是领导一切的。必须增强政治意识、大局意识、核心意识、看齐意识，自觉维护党中央权威和集中统一领导，自觉在思想上政治上行动上同党中央保持高度一致，完善坚持党的领导的体制机制，坚持稳中求进工作总基调，统筹推进“五位一体”总体布局，协调推进“四个全面”战略布局，提高党把方向、谋大局、定政策、促改革的能力和定力，确保党始终总揽全局、协调各方。

（二）坚持以人民为中心。人民是历史的创造者，是决定党和国家前途命运的根本力量。必须坚持人民主体地位，坚持立党为公、执政为民，践行全心全意为人民服务的根本宗旨，把党的群众路线贯彻到治国理政全部活动之中，把人民对美好生活的向往作为奋斗目标，依靠人民创造历史伟业。

（三）坚持全面深化改革。只有社会主义才能救中国，只有改革开放才能发展中国、发展社会主义、发展马克思主义。必须坚持和完善中国特色社会主义制度，不断推进国家治理体系和治理能力现代化，坚决破除一切不合时宜的思想观念和体制机制弊端，突破利益固化的藩篱，吸收人类文明有益成果，构建系统完备、科学规范、运行有效的制度体系，充分发挥我国社会主义制度优越性。

（四）坚持新发展理念。发展是解决我国一切问题的基础和关键，发展必须是科学发展，必须坚定不移贯彻创新、协调、绿色、开放、共享的发展理念。必须坚持和完善我国社会主义基本经济制度和分配制度，毫不动摇巩固和发展公有制经济，毫不动摇鼓励、支持、引导非公有制经济发展，使市场在资源配置中起决定性作用，更好发挥政府作用，推动新型工业化、信息化、城镇化、农业现代化同步发展，主动参与和推动经济全球化进程，发展更高层次的开放型经济，不断壮大我国经济实力和综合国力。

（五）坚持人民当家作主。坚持党的领导、人民当家作主、依法治国有机统一是社会主义政治发展的必然要求。必须坚持中国特色社会主义政治发展道路，坚持和完善人民代表大会制度、中国共产党领导的多党合作和政治协商制度、民族区域自治制度、基层群众自治制度，巩固和发展最广泛的爱国统一战线，发展社会主义协商民主，健全民主制度，丰富民主形式，拓宽民主渠道，保证人民当家作主落实到国家政治生活和社会生活之中。

（六）坚持全面依法治国。全面依法治国是中国特色社会主义的本质要求和重要保障。必须把党的领导贯彻落实到依法治国全过程和各方面，坚定不移走中国特色社会主义法治道路，完善以宪法为核心的中国特色社会主义法律体系，建设中国特色社会主义法治体系，建设社会主义法治国家，发展中国特色社会主义法治理论，坚持依法治国、依法执政、依法行政共同推进，坚持法治国家、法治政府、法治社会一体建设，坚持依法治国和以德治国相结合，依法治国和依规治党有机统一，深化司法体制改革，提高全民族法治素养和道德素质。

（七）坚持社会主义核心价值体系。文化自信是一个国家、一个民族发展中更基本、更深沉、更持久的力量。必须坚持马克思主义，牢固树立共产主义远大理想和中国特色社会主义共同理想，培育和践行社会主义核心价值观，不断增强意识形态领域主导权和话语权，推动中华优秀传统文化创造性转化、创新性发展，继承革命文化，发展社会主义先进文化，不忘本来、吸收外来、面向未来，更好构筑中国精神、中国价值、中国力量，为人民提供精神指引。

（八）坚持在发展中保障和改善民生。增进民生福祉是发展的根本目的。必须多谋民生之利、多解民生之忧，在发展中补齐民生短板、促进社会公平正义，在幼有所育、学有所教、劳有所得、病有所医、老有所养、住有所居、弱有所扶上不断取得新进展，深入开展脱贫攻坚，保证全体人民在共建共享发展中有更多获得感，不断促进人的全面发展、全体人民共同富裕。建设平安中国，加强和创新社会治理，维护社会和谐稳定，确保国家长治久安、人民安居乐业。

（九）坚持人与自然和谐共生。建设生态文明是中华民族永续发展的千年大计。必须树立和践行绿水青山就是金山银山的理念，坚持节约资源和保护环境的基本国策，像对待生命一样对待生态环境，统筹山水林田湖草系统治理，实行最严格的生态环境保护制度，形成绿色发展方式和生活方式，坚定走生产发展、生活富裕、生态良好的文明发展道路，建设美丽中国，为人民创造良好生产生活环境，为全球生态安全作出贡献。

（十）坚持总体国家安全观。统筹发展和安全，增强忧患意识，做到居安思危，是我们党治国理政的一个重大原则。必须坚持国家利益至上，以人民安全为宗旨，以政治安全为根本，统筹外部安全和内部安全、国土安全和国民安全、传统安全和非传统安全、自身安全和共同安全，完善国家安全制度体系，加强国家安全能力建设，坚决维护国家主权、安全、发展利益。

（十一）坚持党对人民军队的绝对领导。建设一支听党指挥、能打胜仗、作风优良的人民军队，是实现“两个一百年”奋斗目标、实现中华民族伟大复兴的战略支撑。必须全面贯彻党领导人民军队的一系列根本原则和制度，确立新时代党的强军思想在国防和军队建设中的指导地位，坚持政治建军、改革强军、科技兴军、依法治军，更加注重聚焦实战，更加注重创新驱动，更加注重体系建设，更加注重集约高效，更加注重军民融合，实现党在新时代的强军目标。

（十二）坚持“一国两制”和推进祖国统一。保持香港、澳门长期繁荣稳定，实现祖国完全统一，是实现中华民族伟大复兴的必然要求。必须把维护中央对香港、澳门特别行政区全面管治权和保障特别行政区高度自治权有机结合起来，确保“一国两制”方针不会变、不动摇，确保“一国两制”实践不变形、不走样。必须坚持一个中国原则，坚持“九二共识”，推动两岸关系和平发展，深化两岸经济合作和文化往来，推动两岸同胞共同反对一切分裂国家的活动，共同为实现中华民族伟大复兴而奋斗。

（十三）坚持推动构建人类命运共同体。中国人民的梦想同各国人民的梦想息息相通，实现中国梦离不开和平的国际环境和稳定的国际秩序。必须统筹国内国际两个大局，始终不渝走和平发展道路、奉行互利共赢的开放战略，坚持正确义利观，树立共同、综合、合作、可持续的新安全观，谋求开放创新、包容互惠的发展前景，促进和而不同、兼收并蓄的文明交流，构筑尊崇自然、绿色发展的生态体系，始终做世界和平的建设者、全球发展的贡献者、国际秩序的维护者。

（十四）坚持全面从严治党。勇于自我革命，从严管党治党，是我们党最鲜明的品格。必须以党章为根本遵循，把党的政治建设摆在首位，思想建党和制度治党同向发力，统筹推进党的各项建设，抓住“关键少数”，坚持“三严三实”，坚持民主集中制，严肃党内政治生活，严明党的纪律，强化党内监督，发展积极健康的党内政治文化，全面净化党内政治生态，坚决纠正各种不正之风，以零容忍态度惩治腐败，不断增强党自我净化、自我完善、自我革新、自我提高的能力，始终保持党同人民群众的血肉联系。

以上十四条，构成新时代坚持和发展中国特色社会主义的基本方略。全党同志必须全面贯彻党的基本理论、基本路线、基本方略，更好引领党和人民事业发展。

实践没有止境，理论创新也没有止境。世界每时每刻都在发生变化，中国也每时每刻都在发生变化，我们必须在理论上跟上时代，不断认识规律，不断推进理论创新、实践创新、制度创新、文化创新以及其他各方面创新。

同志们！时代是思想之母，实践是理论之源。只要我们善于聆听时代声音，勇于坚持真理、修正错误，二十一世纪中国的马克思主义一定能够展现出更强大、更有说服力的真理力量！

四、决胜全面建成小康社会，开启全面建设社会主义现代化国家新征程

改革开放之后，我们党对我国社会主义现代化建设作出战略安排，提出“三步走”战略目标。解决人民温饱问题、人民生活总体上达到小康水平这两个目标已提前实现。在这个基础上，我们党提出，到建党一百年时建成经济更加发展、民主更加健全、科教更加进步、文化更加繁荣、社会更加和谐、人民生活更加殷实的小康社会，然后再奋斗三十年，到新中国成立一百年时，基本实现现代化，把我国建成社会主义现代化国家。

从现在到二○二○年，是全面建成小康社会决胜期。要按照十六大、十七大、十八大提出的全面建成小康社会各项要求，紧扣我国社会主要矛盾变化，统筹推进经济建设、政治建设、文化建设、社会建设、生态文明建设，坚定实施科教兴国战略、人才强国战略、创新驱动发展战略、乡村振兴战略、区域协调发展战略、可持续发展战略、军民融合发展战略，突出抓重点、补短板、强弱项，特别是要坚决打好防范化解重大风险、精准脱贫、污染防治的攻坚战，使全面建成小康社会得到人民认可、经得起历史检验。

从十九大到二十大，是“两个一百年”奋斗目标的历史交汇期。我们既要全面建成小康社会、实现第一个百年奋斗目标，又要乘势而上开启全面建设社会主义现代化国家新征程，向第二个百年奋斗目标进军。

综合分析国际国内形势和我国发展条件，从二○二○年到本世纪中叶可以分两个阶段来安排。

第一个阶段，从二○二○年到二○三五年，在全面建成小康社会的基础上，再奋斗十五年，基本实现社会主义现代化。到那时，我国经济实力、科技实力将大幅跃升，跻身创新型国家前列；人民平等参与、平等发展权利得到充分保障，法治国家、法治政府、法治社会基本建成，各方面制度更加完善，国家治理体系和治理能力现代化基本实现；社会文明程度达到新的高度，国家文化软实力显著增强，中华文化影响更加广泛深入；人民生活更为宽裕，中等收入群体比例明显提高，城乡区域发展差距和居民生活水平差距显著缩小，基本公共服务均等化基本实现，全体人民共同富裕迈出坚实步伐；现代社会治理格局基本形成，社会充满活力又和谐有序；生态环境根本好转，美丽中国目标基本实现。

第二个阶段，从二○三五年到本世纪中叶，在基本实现现代化的基础上，再奋斗十五年，把我国建成富强民主文明和谐美丽的社会主义现代化强国。到那时，我国物质文明、政治文明、精神文明、社会文明、生态文明将全面提升，实现国家治理体系和治理能力现代化，成为综合国力和国际影响力领先的国家，全体人民共同富裕基本实现，我国人民将享有更加幸福安康的生活，中华民族将以更加昂扬的姿态屹立于世界民族之林。

同志们！从全面建成小康社会到基本实现现代化，再到全面建成社会主义现代化强国，是新时代中国特色社会主义发展的战略安排。我们要坚忍不拔、锲而不舍，奋力谱写社会主义现代化新征程的壮丽篇章！

五、贯彻新发展理念，建设现代化经济体系

实现“两个一百年”奋斗目标、实现中华民族伟大复兴的中国梦，不断提高人民生活水平，必须坚定不移把发展作为党执政兴国的第一要务，坚持解放和发展社会生产力，坚持社会主义市场经济改革方向，推动经济持续健康发展。

我国经济已由高速增长阶段转向高质量发展阶段，正处在转变发展方式、优化经济结构、转换增长动力的攻关期，建设现代化经济体系是跨越关口的迫切要求和我国发展的战略目标。必须坚持质量第一、效益优先，以供给侧结构性改革为主线，推动经济发展质量变革、效率变革、动力变革，提高全要素生产率，着力加快建设实体经济、科技创新、现代金融、人力资源协同发展的产业体系，着力构建市场机制有效、微观主体有活力、宏观调控有度的经济体制，不断增强我国经济创新力和竞争力。

（一）深化供给侧结构性改革。建设现代化经济体系，必须把发展经济的着力点放在实体经济上，把提高供给体系质量作为主攻方向，显著增强我国经济质量优势。加快建设制造强国，加快发展先进制造业，推动互联网、大数据、人工智能和实体经济深度融合，在中高端消费、创新引领、绿色低碳、共享经济、现代供应链、人力资本服务等领域培育新增长点、形成新动能。支持传统产业优化升级，加快发展现代服务业，瞄准国际标准提高水平。促进我国产业迈向全球价值链中高端，培育若干世界级先进制造业集群。加强水利、铁路、公路、水运、航空、管道、电网、信息、物流等基础设施网络建设。坚持去产能、去库存、去杠杆、降成本、补短板，优化存量资源配置，扩大优质增量供给，实现供需动态平衡。激发和保护企业家精神，鼓励更多社会主体投身创新创业。建设知识型、技能型、创新型劳动者大军，弘扬劳模精神和工匠精神，营造劳动光荣的社会风尚和精益求精的敬业风气。

（二）加快建设创新型国家。创新是引领发展的第一动力，是建设现代化经济体系的战略支撑。要瞄准世界科技前沿，强化基础研究，实现前瞻性基础研究、引领性原创成果重大突破。加强应用基础研究，拓展实施国家重大科技项目，突出关键共性技术、前沿引领技术、现代工程技术、颠覆性技术创新，为建设科技强国、质量强国、航天强国、网络强国、交通强国、数字中国、智慧社会提供有力支撑。加强国家创新体系建设，强化战略科技力量。深化科技体制改革，建立以企业为主体、市场为导向、产学研深度融合的技术创新体系，加强对中小企业创新的支持，促进科技成果转化。倡导创新文化，强化知识产权创造、保护、运用。培养造就一大批具有国际水平的战略科技人才、科技领军人才、青年科技人才和高水平创新团队。

（三）实施乡村振兴战略。农业农村农民问题是关系国计民生的根本性问题，必须始终把解决好“三农”问题作为全党工作重中之重。要坚持农业农村优先发展，按照产业兴旺、生态宜居、乡风文明、治理有效、生活富裕的总要求，建立健全城乡融合发展体制机制和政策体系，加快推进农业农村现代化。巩固和完善农村基本经营制度，深化农村土地制度改革，完善承包地“三权”分置制度。保持土地承包关系稳定并长久不变，第二轮土地承包到期后再延长三十年。深化农村集体产权制度改革，保障农民财产权益，壮大集体经济。确保国家粮食安全，把中国人的饭碗牢牢端在自己手中。构建现代农业产业体系、生产体系、经营体系，完善农业支持保护制度，发展多种形式适度规模经营，培育新型农业经营主体，健全农业社会化服务体系，实现小农户和现代农业发展有机衔接。促进农村一二三产业融合发展，支持和鼓励农民就业创业，拓宽增收渠道。加强农村基层基础工作，健全自治、法治、德治相结合的乡村治理体系。培养造就一支懂农业、爱农村、爱农民的“三农”工作队伍。

（四）实施区域协调发展战略。加大力度支持革命老区、民族地区、边疆地区、贫困地区加快发展，强化举措推进西部大开发形成新格局，深化改革加快东北等老工业基地振兴，发挥优势推动中部地区崛起，创新引领率先实现东部地区优化发展，建立更加有效的区域协调发展新机制。以城市群为主体构建大中小城市和小城镇协调发展的城镇格局，加快农业转移人口市民化。以疏解北京非首都功能为“牛鼻子”推动京津冀协同发展，高起点规划、高标准建设雄安新区。以共抓大保护、不搞大开发为导向推动长江经济带发展。支持资源型地区经济转型发展。加快边疆发展，确保边疆巩固、边境安全。坚持陆海统筹，加快建设海洋强国。

（五）加快完善社会主义市场经济体制。经济体制改革必须以完善产权制度和要素市场化配置为重点，实现产权有效激励、要素自由流动、价格反应灵活、竞争公平有序、企业优胜劣汰。要完善各类国有资产管理体制，改革国有资本授权经营体制，加快国有经济布局优化、结构调整、战略性重组，促进国有资产保值增值，推动国有资本做强做优做大，有效防止国有资产流失。深化国有企业改革，发展混合所有制经济，培育具有全球竞争力的世界一流企业。全面实施市场准入负面清单制度，清理废除妨碍统一市场和公平竞争的各种规定和做法，支持民营企业发展，激发各类市场主体活力。深化商事制度改革，打破行政性垄断，防止市场垄断，加快要素价格市场化改革，放宽服务业准入限制，完善市场监管体制。创新和完善宏观调控，发挥国家发展规划的战略导向作用，健全财政、货币、产业、区域等经济政策协调机制。完善促进消费的体制机制，增强消费对经济发展的基础性作用。深化投融资体制改革，发挥投资对优化供给结构的关键性作用。加快建立现代财政制度，建立权责清晰、财力协调、区域均衡的中央和地方财政关系。建立全面规范透明、标准科学、约束有力的预算制度，全面实施绩效管理。深化税收制度改革，健全地方税体系。深化金融体制改革，增强金融服务实体经济能力，提高直接融资比重，促进多层次资本市场健康发展。健全货币政策和宏观审慎政策双支柱调控框架，深化利率和汇率市场化改革。健全金融监管体系，守住不发生系统性金融风险的底线。

（六）推动形成全面开放新格局。开放带来进步，封闭必然落后。中国开放的大门不会关闭，只会越开越大。要以“一带一路”建设为重点，坚持引进来和走出去并重，遵循共商共建共享原则，加强创新能力开放合作，形成陆海内外联动、东西双向互济的开放格局。拓展对外贸易，培育贸易新业态新模式，推进贸易强国建设。实行高水平的贸易和投资自由化便利化政策，全面实行准入前国民待遇加负面清单管理制度，大幅度放宽市场准入，扩大服务业对外开放，保护外商投资合法权益。凡是在我国境内注册的企业，都要一视同仁、平等对待。优化区域开放布局，加大西部开放力度。赋予自由贸易试验区更大改革自主权，探索建设自由贸易港。创新对外投资方式，促进国际产能合作，形成面向全球的贸易、投融资、生产、服务网络，加快培育国际经济合作和竞争新优势。

同志们！解放和发展社会生产力，是社会主义的本质要求。我们要激发全社会创造力和发展活力，努力实现更高质量、更有效率、更加公平、更可持续的发展！

六、健全人民当家作主制度体系，发展社会主义民主政治

我国是工人阶级领导的、以工农联盟为基础的人民民主专政的社会主义国家，国家一切权力属于人民。我国社会主义民主是维护人民根本利益的最广泛、最真实、最管用的民主。发展社会主义民主政治就是要体现人民意志、保障人民权益、激发人民创造活力，用制度体系保证人民当家作主。

中国特色社会主义政治发展道路，是近代以来中国人民长期奋斗历史逻辑、理论逻辑、实践逻辑的必然结果，是坚持党的本质属性、践行党的根本宗旨的必然要求。世界上没有完全相同的政治制度模式，政治制度不能脱离特定社会政治条件和历史文化传统来抽象评判，不能定于一尊，不能生搬硬套外国政治制度模式。要长期坚持、不断发展我国社会主义民主政治，积极稳妥推进政治体制改革，推进社会主义民主政治制度化、规范化、程序化，保证人民依法通过各种途径和形式管理国家事务，管理经济文化事业，管理社会事务，巩固和发展生动活泼、安定团结的政治局面。

（一）坚持党的领导、人民当家作主、依法治国有机统一。党的领导是人民当家作主和依法治国的根本保证，人民当家作主是社会主义民主政治的本质特征，依法治国是党领导人民治理国家的基本方式，三者统一于我国社会主义民主政治伟大实践。在我国政治生活中，党是居于领导地位的，加强党的集中统一领导，支持人大、政府、政协和法院、检察院依法依章程履行职能、开展工作、发挥作用，这两个方面是统一的。要改进党的领导方式和执政方式，保证党领导人民有效治理国家；扩大人民有序政治参与，保证人民依法实行民主选举、民主协商、民主决策、民主管理、民主监督；维护国家法制统一、尊严、权威，加强人权法治保障，保证人民依法享有广泛权利和自由。巩固基层政权，完善基层民主制度，保障人民知情权、参与权、表达权、监督权。健全依法决策机制，构建决策科学、执行坚决、监督有力的权力运行机制。各级领导干部要增强民主意识，发扬民主作风，接受人民监督，当好人民公仆。

（二）加强人民当家作主制度保障。人民代表大会制度是坚持党的领导、人民当家作主、依法治国有机统一的根本政治制度安排，必须长期坚持、不断完善。要支持和保证人民通过人民代表大会行使国家权力。发挥人大及其常委会在立法工作中的主导作用，健全人大组织制度和工作制度，支持和保证人大依法行使立法权、监督权、决定权、任免权，更好发挥人大代表作用，使各级人大及其常委会成为全面担负起宪法法律赋予的各项职责的工作机关，成为同人民群众保持密切联系的代表机关。完善人大专门委员会设置，优化人大常委会和专门委员会组成人员结构。

（三）发挥社会主义协商民主重要作用。有事好商量，众人的事情由众人商量，是人民民主的真谛。协商民主是实现党的领导的重要方式，是我国社会主义民主政治的特有形式和独特优势。要推动协商民主广泛、多层、制度化发展，统筹推进政党协商、人大协商、政府协商、政协协商、人民团体协商、基层协商以及社会组织协商。加强协商民主制度建设，形成完整的制度程序和参与实践，保证人民在日常政治生活中有广泛持续深入参与的权利。

人民政协是具有中国特色的制度安排，是社会主义协商民主的重要渠道和专门协商机构。人民政协工作要聚焦党和国家中心任务，围绕团结和民主两大主题，把协商民主贯穿政治协商、民主监督、参政议政全过程，完善协商议政内容和形式，着力增进共识、促进团结。加强人民政协民主监督，重点监督党和国家重大方针政策和重要决策部署的贯彻落实。增强人民政协界别的代表性，加强委员队伍建设。

（四）深化依法治国实践。全面依法治国是国家治理的一场深刻革命，必须坚持厉行法治，推进科学立法、严格执法、公正司法、全民守法。成立中央全面依法治国领导小组，加强对法治中国建设的统一领导。加强宪法实施和监督，推进合宪性审查工作，维护宪法权威。推进科学立法、民主立法、依法立法，以良法促进发展、保障善治。建设法治政府，推进依法行政，严格规范公正文明执法。深化司法体制综合配套改革，全面落实司法责任制，努力让人民群众在每一个司法案件中感受到公平正义。加大全民普法力度，建设社会主义法治文化，树立宪法法律至上、法律面前人人平等的法治理念。各级党组织和全体党员要带头尊法学法守法用法，任何组织和个人都不得有超越宪法法律的特权，绝不允许以言代法、以权压法、逐利违法、徇私枉法。

（五）深化机构和行政体制改革。统筹考虑各类机构设置，科学配置党政部门及内设机构权力、明确职责。统筹使用各类编制资源，形成科学合理的管理体制，完善国家机构组织法。转变政府职能，深化简政放权，创新监管方式，增强政府公信力和执行力，建设人民满意的服务型政府。赋予省级及以下政府更多自主权。在省市县对职能相近的党政机关探索合并设立或合署办公。深化事业单位改革，强化公益属性，推进政事分开、事企分开、管办分离。

（六）巩固和发展爱国统一战线。统一战线是党的事业取得胜利的重要法宝，必须长期坚持。要高举爱国主义、社会主义旗帜，牢牢把握大团结大联合的主题，坚持一致性和多样性统一，找到最大公约数，画出最大同心圆。坚持长期共存、互相监督、肝胆相照、荣辱与共，支持民主党派按照中国特色社会主义参政党要求更好履行职能。全面贯彻党的民族政策，深化民族团结进步教育，铸牢中华民族共同体意识，加强各民族交往交流交融，促进各民族像石榴籽一样紧紧抱在一起，共同团结奋斗、共同繁荣发展。全面贯彻党的宗教工作基本方针，坚持我国宗教的中国化方向，积极引导宗教与社会主义社会相适应。加强党外知识分子工作，做好新的社会阶层人士工作，发挥他们在中国特色社会主义事业中的重要作用。构建亲清新型政商关系，促进非公有制经济健康发展和非公有制经济人士健康成长。广泛团结联系海外侨胞和归侨侨眷，共同致力于中华民族伟大复兴。

同志们！中国特色社会主义政治制度是中国共产党和中国人民的伟大创造。我们完全有信心、有能力把我国社会主义民主政治的优势和特点充分发挥出来，为人类政治文明进步作出充满中国智慧的贡献！

七、坚定文化自信，推动社会主义文化繁荣兴盛

文化是一个国家、一个民族的灵魂。文化兴国运兴，文化强民族强。没有高度的文化自信，没有文化的繁荣兴盛，就没有中华民族伟大复兴。要坚持中国特色社会主义文化发展道路，激发全民族文化创新创造活力，建设社会主义文化强国。

中国特色社会主义文化，源自于中华民族五千多年文明历史所孕育的中华优秀传统文化，熔铸于党领导人民在革命、建设、改革中创造的革命文化和社会主义先进文化，植根于中国特色社会主义伟大实践。发展中国特色社会主义文化，就是以马克思主义为指导，坚守中华文化立场，立足当代中国现实，结合当今时代条件，发展面向现代化、面向世界、面向未来的，民族的科学的大众的社会主义文化，推动社会主义精神文明和物质文明协调发展。要坚持为人民服务、为社会主义服务，坚持百花齐放、百家争鸣，坚持创造性转化、创新性发展，不断铸就中华文化新辉煌。

（一）牢牢掌握意识形态工作领导权。意识形态决定文化前进方向和发展道路。必须推进马克思主义中国化时代化大众化，建设具有强大凝聚力和引领力的社会主义意识形态，使全体人民在理想信念、价值理念、道德观念上紧紧团结在一起。要加强理论武装，推动新时代中国特色社会主义思想深入人心。深化马克思主义理论研究和建设，加快构建中国特色哲学社会科学，加强中国特色新型智库建设。坚持正确舆论导向，高度重视传播手段建设和创新，提高新闻舆论传播力、引导力、影响力、公信力。加强互联网内容建设，建立网络综合治理体系，营造清朗的网络空间。落实意识形态工作责任制，加强阵地建设和管理，注意区分政治原则问题、思想认识问题、学术观点问题，旗帜鲜明反对和抵制各种错误观点。

（二）培育和践行社会主义核心价值观。社会主义核心价值观是当代中国精神的集中体现，凝结着全体人民共同的价值追求。要以培养担当民族复兴大任的时代新人为着眼点，强化教育引导、实践养成、制度保障，发挥社会主义核心价值观对国民教育、精神文明创建、精神文化产品创作生产传播的引领作用，把社会主义核心价值观融入社会发展各方面，转化为人们的情感认同和行为习惯。坚持全民行动、干部带头，从家庭做起，从娃娃抓起。深入挖掘中华优秀传统文化蕴含的思想观念、人文精神、道德规范，结合时代要求继承创新，让中华文化展现出永久魅力和时代风采。

（三）加强思想道德建设。人民有信仰，国家有力量，民族有希望。要提高人民思想觉悟、道德水准、文明素养，提高全社会文明程度。广泛开展理想信念教育，深化中国特色社会主义和中国梦宣传教育，弘扬民族精神和时代精神，加强爱国主义、集体主义、社会主义教育，引导人们树立正确的历史观、民族观、国家观、文化观。深入实施公民道德建设工程，推进社会公德、职业道德、家庭美德、个人品德建设，激励人们向上向善、孝老爱亲，忠于祖国、忠于人民。加强和改进思想政治工作，深化群众性精神文明创建活动。弘扬科学精神，普及科学知识，开展移风易俗、弘扬时代新风行动，抵制腐朽落后文化侵蚀。推进诚信建设和志愿服务制度化，强化社会责任意识、规则意识、奉献意识。

（四）繁荣发展社会主义文艺。社会主义文艺是人民的文艺，必须坚持以人民为中心的创作导向，在深入生活、扎根人民中进行无愧于时代的文艺创造。要繁荣文艺创作，坚持思想精深、艺术精湛、制作精良相统一，加强现实题材创作，不断推出讴歌党、讴歌祖国、讴歌人民、讴歌英雄的精品力作。发扬学术民主、艺术民主，提升文艺原创力，推动文艺创新。倡导讲品位、讲格调、讲责任，抵制低俗、庸俗、媚俗。加强文艺队伍建设，造就一大批德艺双馨名家大师，培育一大批高水平创作人才。

（五）推动文化事业和文化产业发展。满足人民过上美好生活的新期待，必须提供丰富的精神食粮。要深化文化体制改革，完善文化管理体制，加快构建把社会效益放在首位、社会效益和经济效益相统一的体制机制。完善公共文化服务体系，深入实施文化惠民工程，丰富群众性文化活动。加强文物保护利用和文化遗产保护传承。健全现代文化产业体系和市场体系，创新生产经营机制，完善文化经济政策，培育新型文化业态。广泛开展全民健身活动，加快推进体育强国建设，筹办好北京冬奥会、冬残奥会。加强中外人文交流，以我为主、兼收并蓄。推进国际传播能力建设，讲好中国故事，展现真实、立体、全面的中国，提高国家文化软实力。

同志们！中国共产党从成立之日起，既是中国先进文化的积极引领者和践行者，又是中华优秀传统文化的忠实传承者和弘扬者。当代中国共产党人和中国人民应该而且一定能够担负起新的文化使命，在实践创造中进行文化创造，在历史进步中实现文化进步！

八、提高保障和改善民生水平，加强和创新社会治理

全党必须牢记，为什么人的问题，是检验一个政党、一个政权性质的试金石。带领人民创造美好生活，是我们党始终不渝的奋斗目标。必须始终把人民利益摆在至高无上的地位，让改革发展成果更多更公平惠及全体人民，朝着实现全体人民共同富裕不断迈进。

保障和改善民生要抓住人民最关心最直接最现实的利益问题，既尽力而为，又量力而行，一件事情接着一件事情办，一年接着一年干。坚持人人尽责、人人享有，坚守底线、突出重点、完善制度、引导预期，完善公共服务体系，保障群众基本生活，不断满足人民日益增长的美好生活需要，不断促进社会公平正义，形成有效的社会治理、良好的社会秩序，使人民获得感、幸福感、安全感更加充实、更有保障、更可持续。

（一）优先发展教育事业。建设教育强国是中华民族伟大复兴的基础工程，必须把教育事业放在优先位置，深化教育改革，加快教育现代化，办好人民满意的教育。要全面贯彻党的教育方针，落实立德树人根本任务，发展素质教育，推进教育公平，培养德智体美全面发展的社会主义建设者和接班人。推动城乡义务教育一体化发展，高度重视农村义务教育，办好学前教育、特殊教育和网络教育，普及高中阶段教育，努力让每个孩子都能享有公平而有质量的教育。完善职业教育和培训体系，深化产教融合、校企合作。加快一流大学和一流学科建设，实现高等教育内涵式发展。健全学生资助制度，使绝大多数城乡新增劳动力接受高中阶段教育、更多接受高等教育。支持和规范社会力量兴办教育。加强师德师风建设，培养高素质教师队伍，倡导全社会尊师重教。办好继续教育，加快建设学习型社会，大力提高国民素质。

（二）提高就业质量和人民收入水平。就业是最大的民生。要坚持就业优先战略和积极就业政策，实现更高质量和更充分就业。大规模开展职业技能培训，注重解决结构性就业矛盾，鼓励创业带动就业。提供全方位公共就业服务，促进高校毕业生等青年群体、农民工多渠道就业创业。破除妨碍劳动力、人才社会性流动的体制机制弊端，使人人都有通过辛勤劳动实现自身发展的机会。完善政府、工会、企业共同参与的协商协调机制，构建和谐劳动关系。坚持按劳分配原则，完善按要素分配的体制机制，促进收入分配更合理、更有序。鼓励勤劳守法致富，扩大中等收入群体，增加低收入者收入，调节过高收入，取缔非法收入。坚持在经济增长的同时实现居民收入同步增长、在劳动生产率提高的同时实现劳动报酬同步提高。拓宽居民劳动收入和财产性收入渠道。履行好政府再分配调节职能，加快推进基本公共服务均等化，缩小收入分配差距。

（三）加强社会保障体系建设。按照兜底线、织密网、建机制的要求，全面建成覆盖全民、城乡统筹、权责清晰、保障适度、可持续的多层次社会保障体系。全面实施全民参保计划。完善城镇职工基本养老保险和城乡居民基本养老保险制度，尽快实现养老保险全国统筹。完善统一的城乡居民基本医疗保险制度和大病保险制度。完善失业、工伤保险制度。建立全国统一的社会保险公共服务平台。统筹城乡社会救助体系，完善最低生活保障制度。坚持男女平等基本国策，保障妇女儿童合法权益。完善社会救助、社会福利、慈善事业、优抚安置等制度，健全农村留守儿童和妇女、老年人关爱服务体系。发展残疾人事业，加强残疾康复服务。坚持房子是用来住的、不是用来炒的定位，加快建立多主体供给、多渠道保障、租购并举的住房制度，让全体人民住有所居。

（四）坚决打赢脱贫攻坚战。让贫困人口和贫困地区同全国一道进入全面小康社会是我们党的庄严承诺。要动员全党全国全社会力量，坚持精准扶贫、精准脱贫，坚持中央统筹省负总责市县抓落实的工作机制，强化党政一把手负总责的责任制，坚持大扶贫格局，注重扶贫同扶志、扶智相结合，深入实施东西部扶贫协作，重点攻克深度贫困地区脱贫任务，确保到二○二○年我国现行标准下农村贫困人口实现脱贫，贫困县全部摘帽，解决区域性整体贫困，做到脱真贫、真脱贫。

（五）实施健康中国战略。人民健康是民族昌盛和国家富强的重要标志。要完善国民健康政策，为人民群众提供全方位全周期健康服务。深化医药卫生体制改革，全面建立中国特色基本医疗卫生制度、医疗保障制度和优质高效的医疗卫生服务体系，健全现代医院管理制度。加强基层医疗卫生服务体系和全科医生队伍建设。全面取消以药养医，健全药品供应保障制度。坚持预防为主，深入开展爱国卫生运动，倡导健康文明生活方式，预防控制重大疾病。实施食品安全战略，让人民吃得放心。坚持中西医并重，传承发展中医药事业。支持社会办医，发展健康产业。促进生育政策和相关经济社会政策配套衔接，加强人口发展战略研究。积极应对人口老龄化，构建养老、孝老、敬老政策体系和社会环境，推进医养结合，加快老龄事业和产业发展。

（六）打造共建共治共享的社会治理格局。加强社会治理制度建设，完善党委领导、政府负责、社会协同、公众参与、法治保障的社会治理体制，提高社会治理社会化、法治化、智能化、专业化水平。加强预防和化解社会矛盾机制建设，正确处理人民内部矛盾。树立安全发展理念，弘扬生命至上、安全第一的思想，健全公共安全体系，完善安全生产责任制，坚决遏制重特大安全事故，提升防灾减灾救灾能力。加快社会治安防控体系建设，依法打击和惩治黄赌毒黑拐骗等违法犯罪活动，保护人民人身权、财产权、人格权。加强社会心理服务体系建设，培育自尊自信、理性平和、积极向上的社会心态。加强社区治理体系建设，推动社会治理重心向基层下移，发挥社会组织作用，实现政府治理和社会调节、居民自治良性互动。

（七）有效维护国家安全。国家安全是安邦定国的重要基石，维护国家安全是全国各族人民根本利益所在。要完善国家安全战略和国家安全政策，坚决维护国家政治安全，统筹推进各项安全工作。健全国家安全体系，加强国家安全法治保障，提高防范和抵御安全风险能力。严密防范和坚决打击各种渗透颠覆破坏活动、暴力恐怖活动、民族分裂活动、宗教极端活动。加强国家安全教育，增强全党全国人民国家安全意识，推动全社会形成维护国家安全的强大合力。

同志们！党的一切工作必须以最广大人民根本利益为最高标准。我们要坚持把人民群众的小事当作自己的大事，从人民群众关心的事情做起，从让人民群众满意的事情做起，带领人民不断创造美好生活！

九、加快生态文明体制改革，建设美丽中国

人与自然是生命共同体，人类必须尊重自然、顺应自然、保护自然。人类只有遵循自然规律才能有效防止在开发利用自然上走弯路，人类对大自然的伤害最终会伤及人类自身，这是无法抗拒的规律。

我们要建设的现代化是人与自然和谐共生的现代化，既要创造更多物质财富和精神财富以满足人民日益增长的美好生活需要，也要提供更多优质生态产品以满足人民日益增长的优美生态环境需要。必须坚持节约优先、保护优先、自然恢复为主的方针，形成节约资源和保护环境的空间格局、产业结构、生产方式、生活方式，还自然以宁静、和谐、美丽。

（一）推进绿色发展。加快建立绿色生产和消费的法律制度和政策导向，建立健全绿色低碳循环发展的经济体系。构建市场导向的绿色技术创新体系，发展绿色金融，壮大节能环保产业、清洁生产产业、清洁能源产业。推进能源生产和消费革命，构建清洁低碳、安全高效的能源体系。推进资源全面节约和循环利用，实施国家节水行动，降低能耗、物耗，实现生产系统和生活系统循环链接。倡导简约适度、绿色低碳的生活方式，反对奢侈浪费和不合理消费，开展创建节约型机关、绿色家庭、绿色学校、绿色社区和绿色出行等行动。

（二）着力解决突出环境问题。坚持全民共治、源头防治，持续实施大气污染防治行动，打赢蓝天保卫战。加快水污染防治，实施流域环境和近岸海域综合治理。强化土壤污染管控和修复，加强农业面源污染防治，开展农村人居环境整治行动。加强固体废弃物和垃圾处置。提高污染排放标准，强化排污者责任，健全环保信用评价、信息强制性披露、严惩重罚等制度。构建政府为主导、企业为主体、社会组织和公众共同参与的环境治理体系。积极参与全球环境治理，落实减排承诺。

（三）加大生态系统保护力度。实施重要生态系统保护和修复重大工程，优化生态安全屏障体系，构建生态廊道和生物多样性保护网络，提升生态系统质量和稳定性。完成生态保护红线、永久基本农田、城镇开发边界三条控制线划定工作。开展国土绿化行动，推进荒漠化、石漠化、水土流失综合治理，强化湿地保护和恢复，加强地质灾害防治。完善天然林保护制度，扩大退耕还林还草。严格保护耕地，扩大轮作休耕试点，健全耕地草原森林河流湖泊休养生息制度，建立市场化、多元化生态补偿机制。

（四）改革生态环境监管体制。加强对生态文明建设的总体设计和组织领导，设立国有自然资源资产管理和自然生态监管机构，完善生态环境管理制度，统一行使全民所有自然资源资产所有者职责，统一行使所有国土空间用途管制和生态保护修复职责，统一行使监管城乡各类污染排放和行政执法职责。构建国土空间开发保护制度，完善主体功能区配套政策，建立以国家公园为主体的自然保护地体系。坚决制止和惩处破坏生态环境行为。

同志们！生态文明建设功在当代、利在千秋。我们要牢固树立社会主义生态文明观，推动形成人与自然和谐发展现代化建设新格局，为保护生态环境作出我们这代人的努力！

十、坚持走中国特色强军之路，全面推进国防和军队现代化

国防和军队建设正站在新的历史起点上。面对国家安全环境的深刻变化，面对强国强军的时代要求，必须全面贯彻新时代党的强军思想，贯彻新形势下军事战略方针，建设强大的现代化陆军、海军、空军、火箭军和战略支援部队，打造坚强高效的战区联合作战指挥机构，构建中国特色现代作战体系，担当起党和人民赋予的新时代使命任务。

适应世界新军事革命发展趋势和国家安全需求，提高建设质量和效益，确保到二○二○年基本实现机械化，信息化建设取得重大进展，战略能力有大的提升。同国家现代化进程相一致，全面推进军事理论现代化、军队组织形态现代化、军事人员现代化、武器装备现代化，力争到二○三五年基本实现国防和军队现代化，到本世纪中叶把人民军队全面建成世界一流军队。

加强军队党的建设，开展“传承红色基因、担当强军重任”主题教育，推进军人荣誉体系建设，培养有灵魂、有本事、有血性、有品德的新时代革命军人，永葆人民军队性质、宗旨、本色。继续深化国防和军队改革，深化军官职业化制度、文职人员制度、兵役制度等重大政策制度改革，推进军事管理革命，完善和发展中国特色社会主义军事制度。树立科技是核心战斗力的思想，推进重大技术创新、自主创新，加强军事人才培养体系建设，建设创新型人民军队。全面从严治军，推动治军方式根本性转变，提高国防和军队建设法治化水平。

军队是要准备打仗的，一切工作都必须坚持战斗力标准，向能打仗、打胜仗聚焦。扎实做好各战略方向军事斗争准备，统筹推进传统安全领域和新型安全领域军事斗争准备，发展新型作战力量和保障力量，开展实战化军事训练，加强军事力量运用，加快军事智能化发展，提高基于网络信息体系的联合作战能力、全域作战能力，有效塑造态势、管控危机、遏制战争、打赢战争。

坚持富国和强军相统一，强化统一领导、顶层设计、改革创新和重大项目落实，深化国防科技工业改革，形成军民融合深度发展格局，构建一体化的国家战略体系和能力。完善国防动员体系，建设强大稳固的现代边海空防。组建退役军人管理保障机构，维护军人军属合法权益，让军人成为全社会尊崇的职业。深化武警部队改革，建设现代化武装警察部队。

同志们！我们的军队是人民军队，我们的国防是全民国防。我们要加强全民国防教育，巩固军政军民团结，为实现中国梦强军梦凝聚强大力量！

十一、坚持“一国两制”，推进祖国统一

香港、澳门回归祖国以来，“一国两制”实践取得举世公认的成功。事实证明，“一国两制”是解决历史遗留的香港、澳门问题的最佳方案，也是香港、澳门回归后保持长期繁荣稳定的最佳制度。

保持香港、澳门长期繁荣稳定，必须全面准确贯彻“一国两制”、“港人治港”、“澳人治澳”、高度自治的方针，严格依照宪法和基本法办事，完善与基本法实施相关的制度和机制。要支持特别行政区政府和行政长官依法施政、积极作为，团结带领香港、澳门各界人士齐心协力谋发展、促和谐，保障和改善民生，有序推进民主，维护社会稳定，履行维护国家主权、安全、发展利益的宪制责任。

香港、澳门发展同内地发展紧密相连。要支持香港、澳门融入国家发展大局，以粤港澳大湾区建设、粤港澳合作、泛珠三角区域合作等为重点，全面推进内地同香港、澳门互利合作，制定完善便利香港、澳门居民在内地发展的政策措施。

我们坚持爱国者为主体的“港人治港”、“澳人治澳”，发展壮大爱国爱港爱澳力量，增强香港、澳门同胞的国家意识和爱国精神，让香港、澳门同胞同祖国人民共担民族复兴的历史责任、共享祖国繁荣富强的伟大荣光。

解决台湾问题、实现祖国完全统一，是全体中华儿女共同愿望，是中华民族根本利益所在。必须继续坚持“和平统一、一国两制”方针，推动两岸关系和平发展，推进祖国和平统一进程。

一个中国原则是两岸关系的政治基础。体现一个中国原则的“九二共识”明确界定了两岸关系的根本性质，是确保两岸关系和平发展的关键。承认“九二共识”的历史事实，认同两岸同属一个中国，两岸双方就能开展对话，协商解决两岸同胞关心的问题，台湾任何政党和团体同大陆交往也不会存在障碍。

两岸同胞是命运与共的骨肉兄弟，是血浓于水的一家人。我们秉持“两岸一家亲”理念，尊重台湾现有的社会制度和台湾同胞生活方式，愿意率先同台湾同胞分享大陆发展的机遇。我们将扩大两岸经济文化交流合作，实现互利互惠，逐步为台湾同胞在大陆学习、创业、就业、生活提供与大陆同胞同等的待遇，增进台湾同胞福祉。我们将推动两岸同胞共同弘扬中华文化，促进心灵契合。

我们坚决维护国家主权和领土完整，绝不容忍国家分裂的历史悲剧重演。一切分裂祖国的活动都必将遭到全体中国人坚决反对。我们有坚定的意志、充分的信心、足够的能力挫败任何形式的“台独”分裂图谋。我们绝不允许任何人、任何组织、任何政党、在任何时候、以任何形式、把任何一块中国领土从中国分裂出去！

同志们！实现中华民族伟大复兴，是全体中国人共同的梦想。我们坚信，只要包括港澳台同胞在内的全体中华儿女顺应历史大势、共担民族大义，把民族命运牢牢掌握在自己手中，就一定能够共创中华民族伟大复兴的美好未来！

十二、坚持和平发展道路，推动构建人类命运共同体

中国共产党是为中国人民谋幸福的政党，也是为人类进步事业而奋斗的政党。中国共产党始终把为人类作出新的更大的贡献作为自己的使命。

中国将高举和平、发展、合作、共赢的旗帜，恪守维护世界和平、促进共同发展的外交政策宗旨，坚定不移在和平共处五项原则基础上发展同各国的友好合作，推动建设相互尊重、公平正义、合作共赢的新型国际关系。

世界正处于大发展大变革大调整时期，和平与发展仍然是时代主题。世界多极化、经济全球化、社会信息化、文化多样化深入发展，全球治理体系和国际秩序变革加速推进，各国相互联系和依存日益加深，国际力量对比更趋平衡，和平发展大势不可逆转。同时，世界面临的不稳定性不确定性突出，世界经济增长动能不足，贫富分化日益严重，地区热点问题此起彼伏，恐怖主义、网络安全、重大传染性疾病、气候变化等非传统安全威胁持续蔓延，人类面临许多共同挑战。

我们生活的世界充满希望，也充满挑战。我们不能因现实复杂而放弃梦想，不能因理想遥远而放弃追求。没有哪个国家能够独自应对人类面临的各种挑战，也没有哪个国家能够退回到自我封闭的孤岛。

我们呼吁，各国人民同心协力，构建人类命运共同体，建设持久和平、普遍安全、共同繁荣、开放包容、清洁美丽的世界。要相互尊重、平等协商，坚决摒弃冷战思维和强权政治，走对话而不对抗、结伴而不结盟的国与国交往新路。要坚持以对话解决争端、以协商化解分歧，统筹应对传统和非传统安全威胁，反对一切形式的恐怖主义。要同舟共济，促进贸易和投资自由化便利化，推动经济全球化朝着更加开放、包容、普惠、平衡、共赢的方向发展。要尊重世界文明多样性，以文明交流超越文明隔阂、文明互鉴超越文明冲突、文明共存超越文明优越。要坚持环境友好，合作应对气候变化，保护好人类赖以生存的地球家园。

中国坚定奉行独立自主的和平外交政策，尊重各国人民自主选择发展道路的权利，维护国际公平正义，反对把自己的意志强加于人，反对干涉别国内政，反对以强凌弱。中国决不会以牺牲别国利益为代价来发展自己，也决不放弃自己的正当权益，任何人不要幻想让中国吞下损害自身利益的苦果。中国奉行防御性的国防政策。中国发展不对任何国家构成威胁。中国无论发展到什么程度，永远不称霸，永远不搞扩张。

中国积极发展全球伙伴关系，扩大同各国的利益交汇点，推进大国协调和合作，构建总体稳定、均衡发展的大国关系框架，按照亲诚惠容理念和与邻为善、以邻为伴周边外交方针深化同周边国家关系，秉持正确义利观和真实亲诚理念加强同发展中国家团结合作。加强同各国政党和政治组织的交流合作，推进人大、政协、军队、地方、人民团体等的对外交往。

中国坚持对外开放的基本国策，坚持打开国门搞建设，积极促进“一带一路”国际合作，努力实现政策沟通、设施联通、贸易畅通、资金融通、民心相通，打造国际合作新平台，增添共同发展新动力。加大对发展中国家特别是最不发达国家援助力度，促进缩小南北发展差距。中国支持多边贸易体制，促进自由贸易区建设，推动建设开放型世界经济。

中国秉持共商共建共享的全球治理观，倡导国际关系民主化，坚持国家不分大小、强弱、贫富一律平等，支持联合国发挥积极作用，支持扩大发展中国家在国际事务中的代表性和发言权。中国将继续发挥负责任大国作用，积极参与全球治理体系改革和建设，不断贡献中国智慧和力量。

同志们！世界命运握在各国人民手中，人类前途系于各国人民的抉择。中国人民愿同各国人民一道，推动人类命运共同体建设，共同创造人类的美好未来！

十三、坚定不移全面从严治党，不断提高党的执政能力和领导水平

中国特色社会主义进入新时代，我们党一定要有新气象新作为。打铁必须自身硬。党要团结带领人民进行伟大斗争、推进伟大事业、实现伟大梦想，必须毫不动摇坚持和完善党的领导，毫不动摇把党建设得更加坚强有力。

全面从严治党永远在路上。一个政党，一个政权，其前途命运取决于人心向背。人民群众反对什么、痛恨什么，我们就要坚决防范和纠正什么。全党要清醒认识到，我们党面临的执政环境是复杂的，影响党的先进性、弱化党的纯洁性的因素也是复杂的，党内存在的思想不纯、组织不纯、作风不纯等突出问题尚未得到根本解决。要深刻认识党面临的执政考验、改革开放考验、市场经济考验、外部环境考验的长期性和复杂性，深刻认识党面临的精神懈怠危险、能力不足危险、脱离群众危险、消极腐败危险的尖锐性和严峻性，坚持问题导向，保持战略定力，推动全面从严治党向纵深发展。

新时代党的建设总要求是：坚持和加强党的全面领导，坚持党要管党、全面从严治党，以加强党的长期执政能力建设、先进性和纯洁性建设为主线，以党的政治建设为统领，以坚定理想信念宗旨为根基，以调动全党积极性、主动性、创造性为着力点，全面推进党的政治建设、思想建设、组织建设、作风建设、纪律建设，把制度建设贯穿其中，深入推进反腐败斗争，不断提高党的建设质量，把党建设成为始终走在时代前列、人民衷心拥护、勇于自我革命、经得起各种风浪考验、朝气蓬勃的马克思主义执政党。

（一）把党的政治建设摆在首位。旗帜鲜明讲政治是我们党作为马克思主义政党的根本要求。党的政治建设是党的根本性建设，决定党的建设方向和效果。保证全党服从中央，坚持党中央权威和集中统一领导，是党的政治建设的首要任务。全党要坚定执行党的政治路线，严格遵守政治纪律和政治规矩，在政治立场、政治方向、政治原则、政治道路上同党中央保持高度一致。要尊崇党章，严格执行新形势下党内政治生活若干准则，增强党内政治生活的政治性、时代性、原则性、战斗性，自觉抵制商品交换原则对党内生活的侵蚀，营造风清气正的良好政治生态。完善和落实民主集中制的各项制度，坚持民主基础上的集中和集中指导下的民主相结合，既充分发扬民主，又善于集中统一。弘扬忠诚老实、公道正派、实事求是、清正廉洁等价值观，坚决防止和反对个人主义、分散主义、自由主义、本位主义、好人主义，坚决防止和反对宗派主义、圈子文化、码头文化，坚决反对搞两面派、做两面人。全党同志特别是高级干部要加强党性锻炼，不断提高政治觉悟和政治能力，把对党忠诚、为党分忧、为党尽职、为民造福作为根本政治担当，永葆共产党人政治本色。

（二）用新时代中国特色社会主义思想武装全党。思想建设是党的基础性建设。革命理想高于天。共产主义远大理想和中国特色社会主义共同理想，是中国共产党人的精神支柱和政治灵魂，也是保持党的团结统一的思想基础。要把坚定理想信念作为党的思想建设的首要任务，教育引导全党牢记党的宗旨，挺起共产党人的精神脊梁，解决好世界观、人生观、价值观这个“总开关”问题，自觉做共产主义远大理想和中国特色社会主义共同理想的坚定信仰者和忠实实践者。弘扬马克思主义学风，推进“两学一做”学习教育常态化制度化，以县处级以上领导干部为重点，在全党开展“不忘初心、牢记使命”主题教育，用党的创新理论武装头脑，推动全党更加自觉地为实现新时代党的历史使命不懈奋斗。

（三）建设高素质专业化干部队伍。党的干部是党和国家事业的中坚力量。要坚持党管干部原则，坚持德才兼备、以德为先，坚持五湖四海、任人唯贤，坚持事业为上、公道正派，把好干部标准落到实处。坚持正确选人用人导向，匡正选人用人风气，突出政治标准，提拔重用牢固树立“四个意识”和“四个自信”、坚决维护党中央权威、全面贯彻执行党的理论和路线方针政策、忠诚干净担当的干部，选优配强各级领导班子。注重培养专业能力、专业精神，增强干部队伍适应新时代中国特色社会主义发展要求的能力。大力发现储备年轻干部，注重在基层一线和困难艰苦的地方培养锻炼年轻干部，源源不断选拔使用经过实践考验的优秀年轻干部。统筹做好培养选拔女干部、少数民族干部和党外干部工作。认真做好离退休干部工作。坚持严管和厚爱结合、激励和约束并重，完善干部考核评价机制，建立激励机制和容错纠错机制，旗帜鲜明为那些敢于担当、踏实做事、不谋私利的干部撑腰鼓劲。各级党组织要关心爱护基层干部，主动为他们排忧解难。

人才是实现民族振兴、赢得国际竞争主动的战略资源。要坚持党管人才原则，聚天下英才而用之，加快建设人才强国。实行更加积极、更加开放、更加有效的人才政策，以识才的慧眼、爱才的诚意、用才的胆识、容才的雅量、聚才的良方，把党内和党外、国内和国外各方面优秀人才集聚到党和人民的伟大奋斗中来，鼓励引导人才向边远贫困地区、边疆民族地区、革命老区和基层一线流动，努力形成人人渴望成才、人人努力成才、人人皆可成才、人人尽展其才的良好局面，让各类人才的创造活力竞相迸发、聪明才智充分涌流。

（四）加强基层组织建设。党的基层组织是确保党的路线方针政策和决策部署贯彻落实的基础。要以提升组织力为重点，突出政治功能，把企业、农村、机关、学校、科研院所、街道社区、社会组织等基层党组织建设成为宣传党的主张、贯彻党的决定、领导基层治理、团结动员群众、推动改革发展的坚强战斗堡垒。党支部要担负好直接教育党员、管理党员、监督党员和组织群众、宣传群众、凝聚群众、服务群众的职责，引导广大党员发挥先锋模范作用。坚持“三会一课”制度，推进党的基层组织设置和活动方式创新，加强基层党组织带头人队伍建设，扩大基层党组织覆盖面，着力解决一些基层党组织弱化、虚化、边缘化问题。扩大党内基层民主，推进党务公开，畅通党员参与党内事务、监督党的组织和干部、向上级党组织提出意见和建议的渠道。注重从产业工人、青年农民、高知识群体中和在非公有制经济组织、社会组织中发展党员。加强党内激励关怀帮扶。增强党员教育管理针对性和有效性，稳妥有序开展不合格党员组织处置工作。

（五）持之以恒正风肃纪。我们党来自人民、植根人民、服务人民，一旦脱离群众，就会失去生命力。加强作风建设，必须紧紧围绕保持党同人民群众的血肉联系，增强群众观念和群众感情，不断厚植党执政的群众基础。凡是群众反映强烈的问题都要严肃认真对待，凡是损害群众利益的行为都要坚决纠正。坚持以上率下，巩固拓展落实中央八项规定精神成果，继续整治“四风”问题，坚决反对特权思想和特权现象。重点强化政治纪律和组织纪律，带动廉洁纪律、群众纪律、工作纪律、生活纪律严起来。坚持开展批评和自我批评，坚持惩前毖后、治病救人，运用监督执纪“四种形态”，抓早抓小、防微杜渐。赋予有干部管理权限的党组相应纪律处分权限，强化监督执纪问责。加强纪律教育，强化纪律执行，让党员、干部知敬畏、存戒惧、守底线，习惯在受监督和约束的环境中工作生活。

（六）夺取反腐败斗争压倒性胜利。人民群众最痛恨腐败现象，腐败是我们党面临的最大威胁。只有以反腐败永远在路上的坚韧和执着，深化标本兼治，保证干部清正、政府清廉、政治清明，才能跳出历史周期率，确保党和国家长治久安。当前，反腐败斗争形势依然严峻复杂，巩固压倒性态势、夺取压倒性胜利的决心必须坚如磐石。要坚持无禁区、全覆盖、零容忍，坚持重遏制、强高压、长震慑，坚持受贿行贿一起查，坚决防止党内形成利益集团。在市县党委建立巡察制度，加大整治群众身边腐败问题力度。不管腐败分子逃到哪里，都要缉拿归案、绳之以法。推进反腐败国家立法，建设覆盖纪检监察系统的检举举报平台。强化不敢腐的震慑，扎牢不能腐的笼子，增强不想腐的自觉，通过不懈努力换来海晏河清、朗朗乾坤。

（七）健全党和国家监督体系。增强党自我净化能力，根本靠强化党的自我监督和群众监督。要加强对权力运行的制约和监督，让人民监督权力，让权力在阳光下运行，把权力关进制度的笼子。强化自上而下的组织监督，改进自下而上的民主监督，发挥同级相互监督作用，加强对党员领导干部的日常管理监督。深化政治巡视，坚持发现问题、形成震慑不动摇，建立巡视巡察上下联动的监督网。深化国家监察体制改革，将试点工作在全国推开，组建国家、省、市、县监察委员会，同党的纪律检查机关合署办公，实现对所有行使公权力的公职人员监察全覆盖。制定国家监察法，依法赋予监察委员会职责权限和调查手段，用留置取代“两规”措施。改革审计管理体制，完善统计体制。构建党统一指挥、全面覆盖、权威高效的监督体系，把党内监督同国家机关监督、民主监督、司法监督、群众监督、舆论监督贯通起来，增强监督合力。

（八）全面增强执政本领。领导十三亿多人的社会主义大国，我们党既要政治过硬，也要本领高强。要增强学习本领，在全党营造善于学习、勇于实践的浓厚氛围，建设马克思主义学习型政党，推动建设学习大国。增强政治领导本领，坚持战略思维、创新思维、辩证思维、法治思维、底线思维，科学制定和坚决执行党的路线方针政策，把党总揽全局、协调各方落到实处。增强改革创新本领，保持锐意进取的精神风貌，善于结合实际创造性推动工作，善于运用互联网技术和信息化手段开展工作。增强科学发展本领，善于贯彻新发展理念，不断开创发展新局面。增强依法执政本领，加快形成覆盖党的领导和党的建设各方面的党内法规制度体系，加强和改善对国家政权机关的领导。增强群众工作本领，创新群众工作体制机制和方式方法，推动工会、共青团、妇联等群团组织增强政治性、先进性、群众性，发挥联系群众的桥梁纽带作用，组织动员广大人民群众坚定不移跟党走。增强狠抓落实本领，坚持说实话、谋实事、出实招、求实效，把雷厉风行和久久为功有机结合起来，勇于攻坚克难，以钉钉子精神做实做细做好各项工作。增强驾驭风险本领，健全各方面风险防控机制，善于处理各种复杂矛盾，勇于战胜前进道路上的各种艰难险阻，牢牢把握工作主动权。

同志们！伟大的事业必须有坚强的党来领导。只要我们党把自身建设好、建设强，确保党始终同人民想在一起、干在一起，就一定能够引领承载着中国人民伟大梦想的航船破浪前进，胜利驶向光辉的彼岸！

同志们！中华民族是历经磨难、不屈不挠的伟大民族，中国人民是勤劳勇敢、自强不息的伟大人民，中国共产党是敢于斗争、敢于胜利的伟大政党。历史车轮滚滚向前，时代潮流浩浩荡荡。历史只会眷顾坚定者、奋进者、搏击者，而不会等待犹豫者、懈怠者、畏难者。全党一定要保持艰苦奋斗、戒骄戒躁的作风，以时不我待、只争朝夕的精神，奋力走好新时代的长征路。全党一定要自觉维护党的团结统一，保持党同人民群众的血肉联系，巩固全国各族人民大团结，加强海内外中华儿女大团结，团结一切可以团结的力量，齐心协力走向中华民族伟大复兴的光明前景。

青年兴则国家兴，青年强则国家强。青年一代有理想、有本领、有担当，国家就有前途，民族就有希望。中国梦是历史的、现实的，也是未来的；是我们这一代的，更是青年一代的。中华民族伟大复兴的中国梦终将在一代代青年的接力奋斗中变为现实。全党要关心和爱护青年，为他们实现人生出彩搭建舞台。广大青年要坚定理想信念，志存高远，脚踏实地，勇做时代的弄潮儿，在实现中国梦的生动实践中放飞青春梦想，在为人民利益的不懈奋斗中书写人生华章！

大道之行，天下为公。站立在九百六十多万平方公里的广袤土地上，吸吮着五千多年中华民族漫长奋斗积累的文化养分，拥有十三亿多中国人民聚合的磅礴之力，我们走中国特色社会主义道路，具有无比广阔的时代舞台，具有无比深厚的历史底蕴，具有无比强大的前进定力。全党全国各族人民要紧密团结在党中央周围，高举中国特色社会主义伟大旗帜，锐意进取，埋头苦干，为实"
9,29558614,http://jhsjk.people.cn/article/29558614,国防,习近平总书记给南开大学8名新入伍大学生的回信,43004,人民网－人民日报,"

习近平总书记给南开大学8名新入伍大学生的回信

来源：人民网－人民日报        ??发布时间：2017-09-26


阿斯哈尔・努尔太等同学：

　　你们好！我看了来信，得知你们怀揣着从军报国的理想，暂别校园、投身军营，你们的这种志向和激情，让我感到很欣慰。

　　自古以来，我国文人志士多有投笔从戎的家国情怀。抗战时期，许多南开学子就主动奔赴沙场，用鲜血和生命诠释了爱国、奉献的精神内涵。如今，你们响应祖国召唤参军入伍，把爱国之心化为报国之行，为广大有志青年树立了新的榜样。

　　希望你们珍惜身穿戎装的机会，把热血挥洒在实现强军梦的伟大实践之中，在军队这个大舞台上施展才华，在军营这个大熔炉里淬炼成钢，书写绚烂、无悔的青春篇章。

　　习近平?

　　2017年9月23日?

　　（新华社北京9月25日电）?

　　《 人民日报 》（ 2017年09月26日 01 版）


(责编：程宏毅                     )"
10,29443168,http://jhsjk.people.cn/article/29443168,国防,习近平在庆祝中国人民解放军建军90周年大会上的讲话,42949,人民网－人民日报,"
 
习近平在庆祝中国人民解放军建军90周年大会上的讲话
（2017年8月1日）
来源：人民网－人民日报        ??发布时间：2017-08-02






?





同志们，朋友们：

　　今天，我们在这里隆重集会，庆祝中国人民解放军建军90周年，回顾在中国共产党领导下人民军队的光辉历程，展望国防和军队现代化建设的光明前景，动员全党全军全国各族人民继续奋斗，汇聚起强国强军的磅礴力量，共同为实现“两个一百年”奋斗目标、实现中华民族伟大复兴的中国梦而不懈奋斗。

　　同志们、朋友们！

　　90年前，我国处在半殖民地半封建社会，中华民族处在积贫积弱、内忧外患的苦难深渊，中国人民处在饥寒交迫、民不聊生的悲惨境地。为民族独立和人民解放，为推翻帝国主义、封建主义、官僚资本主义三座大山，中国共产党和中国人民进行着不屈不挠、艰苦卓绝的斗争。

　　然而，正当大革命如火如荼的时候，国民党反动派背叛革命、背叛人民，向中国共产党人和革命群众举起了血腥的屠刀。一时间，神州大地笼罩在腥风血雨之中，中国共产党面临被赶尽杀绝的严重危险，中国革命处于命悬一线的紧要关头。在严酷的斗争和血的教训中，我们党深刻认识到，没有革命的武装就无法战胜武装的反革命，就无法担起领导中国革命的重任，就无法夺取中国革命的胜利，就无法改变中国人民和中华民族的命运。

　　1927年8月1日，南昌城头一声枪响，拉开了我们党武装反抗国民党反动派的大幕。这是中国共产党历史上的一个伟大事件，是中国革命史上的一个伟大事件，也是中华民族发展史上的一个伟大事件。

　　南昌城头的枪声，像划破夜空的一道闪电，使中国人民在黑暗中看到了革命的希望，在逆境中看到了奋起的力量。南昌起义连同秋收起义、广州起义以及其他许多地区的武装起义，标志着中国共产党独立领导革命战争、创建人民军队的开端，开启了中国革命新纪元。

　　自那时起，中国共产党领导下的人民军队，就英勇投身为中国人民求解放、求幸福，为中华民族谋独立、谋复兴的历史洪流，同中国人民和中华民族的命运紧紧连在了一起。

　　90年来，人民军队历经硝烟战火，一路披荆斩棘，付出巨大牺牲，取得一个又一个辉煌胜利，为党和人民建立了伟大的历史功勋。

　　――这个伟大的历史功勋就是，英雄的人民军队，在党领导的22年武装革命斗争中，以无往不胜的英雄气概、坚韧不拔的革命毅力、灵活机动的战略战术、英勇顽强的战斗作风，克服了各种难以想象的艰难困苦，打败了国内外异常凶恶的敌人，夺取了土地革命战争、抗日战争、解放战争的伟大胜利，推翻了压在中国人民头上的三座大山，以鲜血和生命为建立人民当家作主的新中国奠定了牢固根基，彻底扭转了中华民族近代以来落后挨打的被动局面。

　　――这个伟大的历史功勋就是，英雄的人民军队，积极投身社会主义革命和建设，全面履行保卫祖国、保卫人民和平劳动的职能，胜利进行抗美援朝战争和多次边境自卫作战，打出了国威军威，捍卫了祖国万里边疆和辽阔海空，为巩固新生人民政权、形成中国大国地位、维护中华民族尊严提供了坚强后盾。

　　――这个伟大的历史功勋就是，英雄的人民军队，积极投身改革开放新的伟大革命，有力服务和保障国家改革发展稳定大局，依法履行香港、澳门防务职责，有效应对国家安全面临的各种威胁，坚决打击一切形式的分裂破坏活动，积极参与对外军事交流合作和联合国维和行动，为维护中国共产党领导和我国社会主义制度，为维护国家主权、安全、发展利益，为维护我国发展的重要战略机遇期，为维护地区和世界和平提供了强大力量支撑。

　　人民军队一路走来，紧跟党和人民事业发展步伐，在战斗中成长，在继承中创新，在建设中发展，革命化现代化正规化水平不断提高，威慑和实战能力不断增强。人民军队已经由过去单一军种的军队发展成为诸军兵种联合的强大军队，由过去“小米加步枪”武装起来的军队发展成为基本实现机械化、加快迈向信息化的强大军队。

　　同志们、朋友们！

　　90年来，我们的国家、我们的民族历经挫折而奋起、历经苦难而辉煌，发生了前所未有的历史巨变，实现了从站起来到富起来、强起来的伟大飞跃。这是中国共产党坚强领导的胜利，是中国人民不懈奋斗的胜利，也是人民军队英勇奋战的胜利。

　　在这个光荣而庄严的时刻，我们深切怀念创建和培育了人民军队的毛泽东、周恩来、刘少奇、朱德、邓小平同志和彭德怀、刘伯承、贺龙、陈毅、罗荣桓、徐向前、聂荣臻、叶剑英同志等老一辈革命家和军事家。他们的丰功伟绩，永远镌刻在中华民族史册上！

　　在这个光荣而庄严的时刻，我们深切缅怀为中国人民解放事业和社会主义建设事业而英勇献身的人民军队革命烈士们。他们的牺牲奉献，永远铭记在中国人民心中！

　　在这里，我代表党中央、国务院和中央军委，向战斗在保卫祖国、建设祖国各个岗位上的人民解放军指战员、武警部队官兵、预备役军人和广大民兵，致以节日的祝贺！向为中国革命、建设、改革事业作出重大贡献的人民军队离退休老同志，表示诚挚的问候！向在各个时期为人民军队建设作出贡献的转业退伍军人、革命伤残军人和烈军属，表示诚挚的慰问！向在国防科技工业战线顽强拼搏的科学家、工程技术人员和广大干部职工，致以衷心的感谢！向长期以来关心和支持人民解放军建设的全国各族人民，致以崇高的敬意！

　　同志们、朋友们！

　　90年来，在长期实践中，人民军队在党的旗帜下前进，形成了一整套建军治军原则，发展了人民战争的战略战术，培育了特有的光荣传统和优良作风。这是人民军队从胜利走向胜利的传家法宝，是人民军队必须永志不忘的红色血脉。

　　――人民军队从胜利走向胜利，彰显了中国共产党领导的伟大力量。毛泽东同志曾经指出：“我们的原则是党指挥枪，而决不容许枪指挥党。”党对军队绝对领导的根本原则和制度，发端于南昌起义，奠基于三湾改编，定型于古田会议，是人民军队完全区别于一切旧军队的政治特质和根本优势。千千万万革命将士矢志不渝听党话、跟党走，在挫折中愈加奋起，在困苦中勇往直前，铸就了拖不垮、打不烂、攻无不克、战无不胜的钢铁雄师。在风雨如磐的漫长革命道路上，我军将士讲得最多的一句话是：只要跟党走，一定能胜利。忠诚，造就了人民军队对党的赤胆忠心，造就了人民军队和人民的鱼水情意，造就了人民军队为党和人民冲锋陷阵的坚定意志。

　　历史告诉我们，党指挥枪是保持人民军队本质和宗旨的根本保障，这是我们党在血与火的斗争中得出的颠扑不破的真理。有了中国共产党，有了中国共产党的坚强领导，人民军队前进就有方向、有力量。前进道路上，人民军队必须牢牢坚持党对军队的绝对领导，把这一条当作人民军队永远不能变的军魂、永远不能丢的命根子，任何时候任何情况下都以党的旗帜为旗帜、以党的方向为方向、以党的意志为意志。

　　――人民军队从胜利走向胜利，彰显了理想信念的伟大力量。崇高的理想，坚定的信念，是中国共产党人的政治灵魂，是人民军队的精神支柱。邓小平同志曾经指出：“为什么我们过去能在非常困难的情况下奋斗出来，战胜千难万险使革命胜利呢？就是因为我们有理想，有马克思主义信念，有共产主义信念。”从艰苦卓绝的井冈山斗争到千难万险的长征路，从硝烟弥漫的抗日战争到摧枯拉朽的解放战争，从坚决捍卫国家主权、安全、领土完整的英勇斗争到抢险救灾、保卫人民生命财产安全的顽强拼搏，从支援国家经济社会建设的无私奉献到维护地区和世界和平的实际行动，崇高理想信念的灯塔指引人民军队一路向前。

　　历史告诉我们，革命理想高于天，人民军队之所以能够攻坚克难、战无不胜、发展壮大，关键是人民军队有马克思主义理论武装，有崇高理想信念，有为理想信念而英勇献身的崇高追求。崇高理想信念是人民军队勇往直前的精神力量，是全军将士心中熊熊燃烧的火炬。前进道路上，人民军队必须矢志不渝坚持崇高理想信念，任何时候任何情况下都敢于为崇高理想信念而奋不顾身奋斗。

　　――人民军队从胜利走向胜利，彰显了改革创新的伟大力量。人民军队成长发展史，就是一部改革创新史。土地革命战争时期创立一整套建军原则制度，抗日战争时期实行精兵简政，解放战争时期组建五大野战军，新中国成立后多次调整体制编制，人民军队边战边改，边建边改，愈改愈强。从红军时期的“十六字诀”，到抗日战争时期的“持久战”，从解放战争时期的“十大军事原则”，到抗美援朝战争时期的“零敲牛皮糖”，再到新中国成立后军事战略方针的不断调整，人民军队从战争中学习战争，从实践中探索规律，在世界军事史上书写了战争指导艺术不断创新的生动篇章。

　　历史告诉我们，改革创新、与时俱进，是人民军队不断发展的康庄大道，人民军队的力量来自改革创新，人民军队的胜利来自改革创新。只有不断改革创新，才能不断获得发展进步的生机活力，才能永远立于不败之地。前进道路上，人民军队必须勇于改革、善于创新，任何时候任何情况下都永不僵化、永不停滞。

　　――人民军队从胜利走向胜利，彰显了战斗精神的伟大力量。敢于斗争、敢于胜利，一不怕苦、二不怕死，是人民军队血性胆魄的生动写照。“狼牙山五壮士”、“白刃格斗英雄连”、“刘老庄连”、董存瑞、邱少云、黄继光等无数英雄群体和革命先烈，用生命诠释了一往无前的英雄气概。在枪林弹雨的战场上，面对气焰嚣张的强大敌人，人民军队曾经发出了“三个不相信”的英雄宣言：在革命战士面前，不相信有完不成的任务，不相信有克服不了的困难，不相信有战胜不了的敌人！英勇顽强，视死如归，血战到底，人民军队用大无畏的气概赢得了党的信任、人民赞誉，也赢得了世界尊敬。

　　历史告诉我们，战争不仅是物质的较量，更是精神的比拼。没有顽强的意志，没有敢于牺牲的品质，再好的武器装备也不能保证胜利。一代一代革命军人正是靠着向死而生的英勇决绝，形成了压倒一切敌人而决不被敌人所屈服的伟大气概。前进道路上，人民军队必须大力弘扬敢打必胜的精神品质，任何时候任何情况下都保持革命英雄主义的昂扬斗志。

　　――人民军队从胜利走向胜利，彰显了革命纪律的伟大力量。人民军队素以纪律严明著称于世，自创建之日起就把革命的坚定性、政治的自觉性、纪律的严肃性结合起来，统一意志、统一指挥、统一行动，千军万马有令必行、有禁必止，攻如猛虎、守如泰山。正是由于有了建立在高度政治觉悟基础上的革命纪律，将士们哪怕冻饿交加，也不拿群众一针一线；哪怕烈火焚身，也岿然不动，直至付出生命；哪怕身陷绝境，也坚守战位，慷慨赴死。人民军队始终是高度团结统一的战斗集体，始终保持了强大的凝聚力和战斗力。

　　历史告诉我们，加强纪律性，革命无不胜。一支军队的力量，不仅要看其人数，不仅要看其武器装备，还要看其纪律性。一支没有纪律的军队，只能是乌合之众。前进道路上，人民军队必须用铁的纪律凝聚铁的意志、锤炼铁的作风、锻造铁的队伍，任何时候任何情况下都一切行动听指挥、步调一致向前进。

　　――人民军队从胜利走向胜利，彰显了军民团结的伟大力量。人民军队始终和人民同呼吸、共命运、心连心，完全彻底为人民奋斗，哪里有敌人，哪里有危难，哪里就有人民子弟兵。谁把人民放在心上，人民就把谁放在心上。“最后一碗米送去做军粮，最后一尺布送去做军装，最后一件老棉袄盖在担架上，最后一个亲骨肉送去上战场”。这首战争年代广为传唱的民谣，就是军民团结如一人的生动体现。

　　历史告诉我们，有了民心所向、民意所归、民力所聚，人民军队就能无往而不胜、无敌于天下。只要始终站在人民立场上，赢得最广大人民衷心拥护，就能构筑起众志成城的铜墙铁壁。前进道路上，人民军队必须牢记全心全意为人民服务的根本宗旨，任何时候任何情况下都做人民子弟兵。

　　同志们、朋友们！

　　人民军队的历史辉煌，是鲜血生命铸就的，永远值得我们铭记。人民军队的历史经验，是艰辛探索得来的，永远需要我们弘扬。人民军队的历史发展，是忠诚担当推动的，永远激励我们向前。

　　党的十八大以来，我们着眼于实现“两个一百年”奋斗目标、实现中华民族伟大复兴的中国梦，提出建设一支听党指挥、能打胜仗、作风优良的人民军队这一党在新形势下的强军目标，与时俱进创新军事战略指导，制定新形势下军事战略方针。我们在古田召开全军政治工作会议，大力加强政治建军，坚定不移开展党风廉政建设和反腐败斗争。我们推进全面深化国防和军队改革，建立军委管总、战区主战、军种主建的新格局，实现了人民军队组织形态的整体性重塑，迈出了构建中国特色军事力量体系的历史性步伐，人民军队体制一新、结构一新、格局一新、面貌一新。我们坚持依法治军、从严治军，推进治军方式根本性转变。我们坚持战斗力这个唯一的根本的标准，深入推进练兵备战，坚决捍卫国家领土主权和海洋权益。我们深入贯彻新发展理念，更加注重聚焦实战，更加注重创新驱动，更加注重体系建设，更加注重集约高效，更加注重军民融合，不断提高人民军队建设质量和效益。

　　经过5年努力，人民军队实现了政治生态重塑、组织形态重塑、力量体系重塑、作风形象重塑，人民军队重整行装再出发，在中国特色强军之路上迈出了坚实步伐。

　　同志们、朋友们！

　　历史车轮滚滚向前。今天的世界，国际形势正发生前所未有之大变局；今天的中国，中国特色社会主义正全面向前推进。实现中华民族伟大复兴的中国梦，我们面临难得机遇，具备坚实基础，拥有无比信心。同时，我们必须清醒看到，前进道路从来不会是一片坦途，必然会面对各种重大挑战、重大风险、重大阻力、重大矛盾，必须进行具有许多新的历史特点的伟大斗争。

　　站在新的历史起点上，我们更加深切地感受到，中华民族走出苦难、中国人民实现解放，有赖于一支英雄的人民军队；中华民族实现伟大复兴，中国人民实现更加美好生活，必须加快把人民军队建设成为世界一流军队。我们要不忘初心、继续前进，坚定不移走中国特色强军之路，把强军事业不断推向前进。

　　――推进强军事业，必须毫不动摇坚持党对军队的绝对领导，确保人民军队永远跟党走。党的领导，是人民军队始终保持强大的凝聚力、向心力、创造力、战斗力的根本保证。党对军队的绝对领导是中国特色社会主义的本质特征，是党和国家的重要政治优势，是人民军队的建军之本、强军之魂。无论时代如何发展、形势如何变化，我们这支军队永远是党的军队、人民的军队。全军要强化政治意识、大局意识、核心意识、看齐意识，坚决维护党中央权威，坚决贯彻党对军队绝对领导的根本原则和制度，坚决听从党中央和中央军委指挥。在这个重大原则问题上，头脑要特别清醒，态度要特别鲜明，行动要特别坚决，不能有任何动摇、任何迟疑、任何含糊。

　　――推进强军事业，必须坚持和发展党的军事指导理论，不断开拓马克思主义军事理论和当代中国军事实践发展新境界。人民军队之所以不断发展壮大，关键在于始终坚持先进军事理论的指导。党的十八大以来，我们党围绕国防和军队建设提出一系列新思想新观点新论断新要求，形成了党在新时期的强军思想。全军要认真贯彻党的军事指导理论，坚持用党在新时期的强军思想武装官兵，引领强军事业不断取得新进步。实践发展永无止境，认识真理永无止境，理论创新永无止境。强军是具有很强开创性的事业，我们要不断适应新形势、应对新挑战、解决新问题，在实践上大胆探索，在理论上勇于突破，不断丰富和发展党在新时期的强军思想，让马克思主义军事理论在强军伟大实践中放射出更加灿烂的真理光芒。

　　――推进强军事业，必须始终聚焦备战打仗，锻造召之即来、来之能战、战之必胜的精兵劲旅。安不可以忘危，治不可以忘乱。我们捍卫和平、维护安全、慑止战争的手段和选择有多种多样，但军事手段始终是保底手段。人民军队永远是战斗队，人民军队的生命力在于战斗力，必须强化忧患意识，坚持底线思维，全部心思向打仗聚焦，各项工作向打仗用劲，确保在党和人民需要的时候拉得出、上得去、打得赢。全军要贯彻新形势下军事战略方针，认真研究军事、研究战争、研究打仗，把握现代战争规律和战争指导规律，扎扎实实做好军事斗争准备各项工作。要坚持仗怎么打兵就怎么练，打仗需要什么就苦练什么，什么问题突出就解决什么问题，全面提高军事训练实战化水平。中国人民珍爱和平，我们决不搞侵略扩张，但我们有战胜一切侵略的信心。我们绝不允许任何人、任何组织、任何政党、在任何时候、以任何形式、把任何一块中国领土从中国分裂出去，谁都不要指望我们会吞下损害我国主权、安全、发展利益的苦果。人民军队要坚决维护中国共产党领导和我国社会主义制度，坚决维护国家主权、安全、发展利益，坚决维护地区和世界和平。

　　――推进强军事业，必须坚持政治建军、改革强军、科技兴军、依法治军，全面提高国防和军队现代化水平。要深入贯彻古田全军政治工作会议精神，发挥政治工作生命线作用，培养有灵魂、有本事、有血性、有品德的新一代革命军人，锻造铁一般信仰、铁一般信念、铁一般纪律、铁一般担当的过硬部队，永葆人民军队性质、宗旨、本色。全军要坚定不移深化国防和军队改革，深入解决制约国防和军队建设的体制性障碍、结构性矛盾、政策性问题，完善和发展中国特色社会主义军事制度，加快构建能够打赢信息化战争、有效履行使命任务的中国特色现代军事力量体系。要全面实施科技兴军战略，坚持自主创新的战略基点，瞄准世界军事科技前沿，加强前瞻谋划设计，加快战略性、前沿性、颠覆性技术发展，不断提高科技创新对人民军队建设和战斗力发展的贡献率。要增强全军法治意识，加快构建中国特色军事法治体系，加快实现治军方式根本性转变。

　　――推进强军事业，必须深入推进军民融合发展，构建军民一体化的国家战略体系和能力。把军民融合发展上升为国家战略，是我们党长期探索经济建设和国防建设协调发展规律的重大成果，是从国家发展和安全全局出发作出的重大决策，是应对复杂安全威胁、赢得国家战略优势的重大举措。要强化顶层设计，加强需求整合，统筹增量存量，同步推进体制和机制改革、体系和要素融合、制度和标准建设，加快形成全要素、多领域、高效益的军民融合深度发展格局，努力开创经济建设和国防建设协调发展、平衡发展、兼容发展新局面。我们的国防是全民的国防，推进国防和军队现代化是全党全国人民的共同事业。中央和国家机关、地方各级党委和政府要强化国防意识，满腔热忱支持国防和军队建设改革，为强军创造良好条件、提供有力支撑。

　　――推进强军事业，必须坚持全心全意为人民服务的根本宗旨，始终做人民信赖、人民拥护、人民热爱的子弟兵。军队打胜仗，人民是靠山。人民军队的根脉，深扎在人民的深厚大地；人民战争的伟力，来源于人民的伟大力量。全军要坚持把人民放在心中，牢记为人民扛枪、为人民打仗的神圣职责，坚决保卫人民和平劳动和生活。要发扬密切联系群众的优良传统，保持同人民群众水乳交融、生死与共的关系，永远做人民利益的捍卫者。要积极参加和支援地方经济社会建设，勇于承担急难险重任务，以实际行动为人民造福兴利。军政军民团结是我党我军特有的政治优势。全党全军全国各族人民要大力弘扬军爱民、民拥军的光荣传统，不断发展坚如磐石的军政军民关系。

　　同志们、朋友们！

　　中国始终是世界和平的建设者、全球发展的贡献者、国际秩序的维护者，中国军队始终是维护世界和平的坚定力量。中国军队将一如既往开展国际军事交流合作，共同应对全球性安全挑战，积极履行同中国国际地位相称的责任和义务，为推动构建人类命运共同体积极贡献力量。

　　同志们、朋友们！

　　90年艰辛探索，90年不懈奋斗，我们的事业是伟大的，我们的任务是艰巨的，我们的发展前景是无比光明的。全党全军全国各族人民一定要团结一心向前进，在中国特色社会主义伟大实践中，不断书写强国强军更为辉煌的篇章，不断创造无愧于历史和时代的新的光辉业绩！

　　（新华社北京8月1日电）

　　《 人民日报 》（ 2017年08月02日 02 版）


(责编：常雪梅                     )"
11,29437662,http://jhsjk.people.cn/article/29437662,国防,习近平在庆祝中国人民解放军建军90周年阅兵时的讲话,42947,人民网－人民日报,"
 
习近平在庆祝中国人民解放军建军90周年阅兵时的讲话
（2017年7月30日）
来源：人民网－人民日报        ??发布时间：2017-07-31






?





同志们：

　　今天，我们在这里举行隆重的沙场阅兵，以庆祝中国人民解放军建军90周年。

　　90年前，南昌城头一声枪响，宣告中国诞生了中国共产党领导的新型人民军队。90年来，人民军队高举着党的旗帜，脚踏着祖国的大地，背负着民族的希望，浴血奋战，勇往直前，战胜一切敌人，征服一切困难，为中国人民站起来、富起来、强起来建立了不朽的功勋！

　　历史充分证明：我们的人民军队不愧是听党指挥的英雄军队，不愧是忠心报国的英雄军队，不愧是为中华民族伟大复兴英勇奋斗的英雄军队。我们党为拥有这样的英雄军队感到骄傲和自豪！全国各族人民为拥有这样的英雄军队感到骄傲和自豪！

　　安享和平是人民之福，保卫和平是人民军队之责。天下并不太平，和平需要保卫。今天，我们比历史上任何时期都更接近中华民族伟大复兴的目标，比历史上任何时期都更需要建设一支强大的人民军队。我们要深入贯彻党的强军思想，坚定不移走中国特色强军之路，努力实现党在新形势下的强军目标，把我们这支英雄的人民军队建设成为世界一流军队。

　　全军将士们！你们要坚定不移坚持党对军队绝对领导的根本原则和制度，永远听党的话、跟党走，党指向哪里、就打到哪里。

　　全军将士们！你们要坚定不移坚持全心全意为人民服务的根本宗旨，始终同人民站在一起，时刻把人民放在心头，永远做人民子弟兵。

　　全军将士们！你们要坚定不移坚持战斗力这个唯一的根本的标准，聚焦备战打仗，锻造召之即来、来之能战、战之必胜的精兵劲旅。

　　全军将士们！你们要坚定不移坚持政治建军、改革强军、科技兴军、依法治军，全面提高国防和军队现代化建设水平。

　　我坚信，我们的英雄军队有信心、有能力打败一切来犯之敌！我们的英雄军队有信心、有能力维护国家主权、安全、发展利益！我们的英雄军队有信心、有能力谱写强军事业新篇章，为实现“两个一百年”奋斗目标、为实现中华民族伟大复兴的中国梦、为维护世界和平作出新的更大的贡献！

　　（新华社内蒙古朱日和7月30日电）

　　《 人民日报 》（ 2017年07月31日 02 版）


(责编：常雪梅                     )"
12,28247051,http://jhsjk.people.cn/article/28247051,国防,习近平：加强国际核安全体系 推进全球核安全治理,42463,人民网-人民日报,"

习近平：加强国际核安全体系 推进全球核安全治理

来源：人民网-人民日报        ??发布时间：2016-04-03


加强国际核安全体系 推进全球核安全治理

――在华盛顿核安全峰会上的讲话

（2016年4月1日，华盛顿）?

尊敬的奥巴马总统，

各位同事：

很高兴同大家聚首华盛顿，共商国际核安全大计。感谢奥巴马总统和美国政府所作的周到安排。

60年前，人类和平利用核能事业起步，也从此迈开了加强核安全的步伐。60年来，在国际社会共同努力下，核安全理念深入人心，核安全合作硕果累累，各国核安全能力显著提高。

始于2010年的核安全峰会，启动了国际核安全事业的助推器。6年一路走来，从确立共同目标，到制定工作重点，再到规划未来蓝图，我们一步一个脚印作出了自己的贡献。

两年前，在荷兰海牙举行的第三届核安全峰会上，我提出应坚持理性、协调、并进的核安全观，将核安全进程纳入持续健康发展轨道。我高兴地看到，两年来全球核安全水平又有新的提高。

但是，我们不能故步自封、裹足不前。环顾全球，世界格局正在经历前所未有的深刻演变，安全领域威胁和挑战层出不穷，产生恐怖主义的根源远未消除，核恐怖主义仍然是对国际安全的重大威胁。

展望未来，加强国际核安全体系，是核能事业健康发展的基本前提，更是推进全球安全治理、构建新型国际关系、完善世界秩序的重要环节。核安全峰会虽然将落下帷幕，但我们的新征程才刚刚开始。

各位同事！

我在海牙峰会上主张构建一个公平、合作、共赢的国际核安全体系。以公平原则固本强基，以合作手段驱动发展，以共赢前景坚定信心，为核能安全造福人类提供强有力、可持续的制度保障。为实现这一远大目标，我们要携手共进，作出新的努力。

――强化政治投入，把握标本兼治方向。作为国家领导人，我们有责任使核安全得到充分重视，有必要对国际反核恐怖主义形势进行经常性审议。要凝聚加强核安全的国际共识，对核恐怖主义零容忍、无差别，推动全面落实核安全法律义务及政治承诺，有效应对新挑战新威胁。

求木之长者，必固其根本。寻求治本之道，始终是我们的目标。我们要铭记全人类福祉，构建以合作共赢为核心的新型国际关系，坚定推进全球安全治理，维护和平稳定的国际环境，促进各国普遍发展繁荣，开展和而不同、兼收并蓄的文明交流。惟其如此，才能早日铲除滋生核恐怖主义的土壤。

――强化国家责任，构筑严密持久防线。发展核能是各国自主选择，确保核安全是各国应尽之责。我们要结合国情，从国家层面部署实施核安全战略，制定中长期核安全发展规划，完善核安全立法和监管机制，并确保相关工作得到足够投入和支持。

战略布局离不开实际举措支撑。核恐怖主义威胁非对称性和不确定性突出，日常预防和危机应对要双管齐下。一方面，要做到见之于未萌、治之于未乱，筑牢基本防线，排除恐怖分子利用国际网络和金融系统兴风作浪等新风险。另一方面，要制定全方位、分阶段的危机应对预案，准确评估风险，果断处置事态，及时掌控局势。

――强化国际合作，推动协调并进势头。核恐怖主义是全人类的公敌，核安全事件的影响超越国界。在互联互通时代，没有哪个国家能够独自应对，也没有哪个国家可以置身事外。在尊重各国主权的前提下，所有国家都要参与到核安全事务中来，以开放包容的精神，努力打造核安全命运共同体。

现有国际组织和机制可作为未来核安全国际合作的坚实平台。我们要以国际原子能机构为核心，协调、整合全球核安全资源，并利用其专业特长服务各国。联合国作为最具普遍性的国际组织，可继续发挥重要作用。其他组织和机制也可以提供有益补充，促进执法等领域务实合作。在此过程中，要照顾广大发展中国家合理诉求，向他们提供援助。

――强化核安全文化，营造共建共享氛围。加强国际核安全体系，人的因素最为重要。法治意识、忧患意识、自律意识、协作意识是核安全文化的核心，要贯穿到每位从业人员的思想和行动中，使他们知其责、尽其职。

学术界和公众树立核安全意识同样重要。我们要鼓励各国智库密切关注国际反核恐怖主义形势，积极开展核安全学术研究，并就加强国际核安全体系、促进各国核安全工作提出更多有价值的建议。我们还要做好核安全知识普及，增进公众对核安全的理解和重视。

各位同事！

作为最大的发展中国家，中国始终在确保安全的前提下，致力于开发利用核能，弥补能源需求缺口，应对气候变化挑战。中国是核电发展最快的国家，同时保持着良好核安全纪录。海牙峰会以来，中国在核安全领域又取得了新进展。

――中国奉行精益求精的理念，努力探索加强核安全的有效途径。我们已经将核安全纳入国家总体安全体系，写入国家安全法，明确了对核安全的战略定位。我们不断完善核安全国家法律框架，正在研究颁布原子能法、核安全法。我们制定实施了核安全中长期工作规划，不断健全监管和执法机制，全面开展从业人员能力建设，组织各类型模拟演练，提高应急响应能力。

――中国坚持言出必行的原则，忠实履行国际义务和政治承诺。中国已经批准核安全领域所有国际法律文书，一贯严格执行安理会相关决议，积极支持和参与核安全国际倡议。海牙峰会上，我承诺的国家核安全示范中心已经提前一年竣工并在北京投入运营；中国原子能科学研究院高浓铀微堆已经顺利完成改造，开始使用更为安全的低浓铀燃料；中国协助加纳改造其高浓铀微堆的项目也取得了积极进展。

――中国心怀合作共赢的愿景，积极推动国际交流合作。中国坚定支持国际原子能机构执行核安全行动计划，逐步增加向核安全基金的捐款。中国和国际原子能机构已经商定，将于今年正式启动实施首次实物保护咨询服务。今年2月，中国和美国成功举行了首次年度核安全对话。我们也将深化同其他国家以及联合国、打击核恐怖主义全球倡议等的交流合作。

中国将继续加强本国核安全，同时将积极推进核安全国际合作，分享技术和经验，贡献资源和平台。我宣布：

第一，中国将构建核安全能力建设网络。我们将利用国家核安全示范中心、中国海关辐射探测培训中心等现有平台，开展核安全从业人员培训、核安全技术演练和交流等活动。我们欢迎亚太国家、“一带一路”沿线国家和其他发展中国家参与相关项目，并将同国际原子能机构等保持紧密合作。

第二，中国将推广减少高浓铀合作模式。我们支持各国根据本国需要，在经济和技术条件可行的情况下，尽量减少使用高浓铀。我们愿在“加纳模式”基础上，本着自愿务实的原则，协助有关国家改造从中国进口的高浓铀微堆。我们还将总结改造高浓铀微堆的多方合作模式，供其他有兴趣的国家参考。

第三，中国将实施加强放射源安全行动计划。为防止各国数量庞大的放射源被恐怖分子觊觎，我们将在未来5年内，进一步梳理境内放射源情况，健全安保制度，重点实现对高风险移动放射源的实时监控。我们愿同其他国家分享经验，共同提高放射源安全监管水平。

第四，中国将启动应对核恐怖危机技术支持倡议。我们将同有意愿的国家和组织一道，开展民用核材料分析、溯源等领域的科学研究，积极组织模拟演练，共同提升危机应对能力。

第五，中国将推广国家核电安全监管体系。中国实施最严格的安全监管，确保中国境内和对外出口的核电站安全可靠、万无一失。我们将依托国家核与辐射安全监管技术研发中心，帮助有需要的国家提升安全监管能力，为提高全球核电安全水平作出贡献。

各位同事！

春生夏长，秋收冬藏。有耕耘必有收获。只要我们精诚合作，持续加强核安全，核能造福人类的前景必将更加光明！

（本报华盛顿4月1日电）


(责编：万鹏                        )"
13,27544268,http://jhsjk.people.cn/article/27544268,国防,在纪念中国人民抗日战争暨世界反法西斯战争胜利70周年大会上的讲话,42251,人民网－人民日报,"
 
在纪念中国人民抗日战争暨世界反法西斯战争胜利70周年大会上的讲话
（2015年9月3日）
来源：人民网－人民日报        ??发布时间：2015-09-04











全国同胞们，

尊敬的各位国家元首、政府首脑和联合国等国际组织代表，

尊敬的各位来宾，

全体受阅将士们，

女士们、先生们，同志们、朋友们：

　　今天，是一个值得世界人民永远纪念的日子。70年前的今天，中国人民经过长达14年艰苦卓绝的斗争，取得了中国人民抗日战争的伟大胜利，宣告了世界反法西斯战争的完全胜利，和平的阳光再次普照大地。

　　在这里，我代表中共中央、全国人大、国务院、全国政协、中央军委，向全国参加过抗日战争的老战士、老同志、爱国人士和抗日将领，向为中国人民抗日战争胜利作出重大贡献的海内外中华儿女，致以崇高的敬意！向支援和帮助过中国人民抵抗侵略的外国政府和国际友人，表示衷心的感谢！向参加今天大会的各国来宾和军人朋友们，表示热烈的欢迎！

　　女士们、先生们，同志们、朋友们！

　　中国人民抗日战争和世界反法西斯战争，是正义和邪恶、光明和黑暗、进步和反动的大决战。在那场惨烈的战争中，中国人民抗日战争开始时间最早、持续时间最长。面对侵略者，中华儿女不屈不挠、浴血奋战，彻底打败了日本军国主义侵略者，捍卫了中华民族5000多年发展的文明成果，捍卫了人类和平事业，铸就了战争史上的奇观、中华民族的壮举。

　　中国人民抗日战争胜利，是近代以来中国抗击外敌入侵的第一次完全胜利。这一伟大胜利，彻底粉碎了日本军国主义殖民奴役中国的图谋，洗刷了近代以来中国抗击外来侵略屡战屡败的民族耻辱。这一伟大胜利，重新确立了中国在世界上的大国地位，使中国人民赢得了世界爱好和平人民的尊敬。这一伟大胜利，开辟了中华民族伟大复兴的光明前景，开启了古老中国凤凰涅、浴火重生的新征程。

　　在那场战争中，中国人民以巨大民族牺牲支撑起了世界反法西斯战争的东方主战场，为世界反法西斯战争胜利作出了重大贡献。中国人民抗日战争也得到了国际社会广泛支持，中国人民将永远铭记各国人民为中国抗战胜利作出的贡献！

　　女士们、先生们，同志们、朋友们！

　　经历了战争的人们，更加懂得和平的宝贵。我们纪念中国人民抗日战争暨世界反法西斯战争胜利70周年，就是要铭记历史、缅怀先烈、珍爱和平、开创未来。

　　那场战争的战火遍及亚洲、欧洲、非洲、大洋洲，军队和民众伤亡超过1亿人，其中中国伤亡人数超过3500万，苏联死亡人数超过2700万。绝不让历史悲剧重演，是我们对当年为维护人类自由、正义、和平而牺牲的英灵、对惨遭屠杀的无辜亡灵的最好纪念。

　　战争是一面镜子，能够让人更好认识和平的珍贵。今天，和平与发展已经成为时代主题，但世界仍很不太平，战争的达摩克利斯之剑依然悬在人类头上。我们要以史为鉴，坚定维护和平的决心。

　　为了和平，我们要牢固树立人类命运共同体意识。偏见和歧视、仇恨和战争，只会带来灾难和痛苦。相互尊重、平等相处、和平发展、共同繁荣，才是人间正道。世界各国应该共同维护以联合国宪章宗旨和原则为核心的国际秩序和国际体系，积极构建以合作共赢为核心的新型国际关系，共同推进世界和平与发展的崇高事业。

　　为了和平，中国将始终坚持走和平发展道路。中华民族历来爱好和平。无论发展到哪一步，中国都永远不称霸、永远不搞扩张，永远不会把自身曾经经历过的悲惨遭遇强加给其他民族。中国人民将坚持同世界各国人民友好相处，坚决捍卫中国人民抗日战争和世界反法西斯战争胜利成果，努力为人类作出新的更大的贡献。

　　中国人民解放军是人民的子弟兵，全军将士要牢记全心全意为人民服务的根本宗旨，忠实履行保卫祖国安全和人民和平生活的神圣职责，忠实执行维护世界和平的神圣使命。我宣布，中国将裁减军队员额30万。

　　女士们、先生们，同志们、朋友们！

　　“靡不有初，鲜克有终。”实现中华民族伟大复兴，需要一代又一代人为之努力。中华民族创造了具有5000多年历史的灿烂文明，也一定能够创造出更加灿烂的明天。

　　前进道路上，全国各族人民要在中国共产党领导下，坚持以马克思列宁主义、毛泽东思想、邓小平理论、“三个代表”重要思想、科学发展观为指导，沿着中国特色社会主义道路，按照“四个全面”战略布局，弘扬伟大的爱国主义精神，弘扬伟大的抗战精神，万众一心，风雨无阻，向着我们既定的目标继续奋勇前进！

　　让我们共同铭记历史所启示的伟大真理：正义必胜！和平必胜！人民必胜！

　　（新华社北京9月3日电）?


　　《 人民日报 》（ 2015年09月04日 02 版）


(责编：黄策舆                     )"
14,27542879,http://jhsjk.people.cn/article/27542879,国防,在颁发“中国人民抗日战争胜利70周年”纪念章仪式上的讲话,42250,人民网－人民日报,"

在颁发“中国人民抗日战争胜利70周年”纪念章仪式上的讲话
（2015年9月2日）
来源：人民网－人民日报        ??发布时间：2015-09-03


同志们，朋友们：

今天，我们在这里隆重举行仪式，为抗战老战士、老同志、抗战将领，为帮助和支持中国抗战的国际友人或其遗属代表颁发“中国人民抗日战争胜利70周年”纪念章，目的是表达对抗战英雄的崇敬，弘扬伟大的抗战精神，宣示中国人民铭记历史、缅怀先烈、珍爱和平、开创未来的坚定决心。

首先，我代表中共中央、国务院、中央军委，向在中国人民抗日战争中英勇牺牲的烈士，表示崇高的敬仰！向抗战老战士、老同志、抗战将领，向帮助和支持中国抗战的国际友人，致以崇高的敬意！

天下艰难际，时势造英雄。在14年反抗日本军国主义侵略特别是8年全面抗战的艰苦岁月中，全体中华儿女万众一心、众志成城，凝聚起抵御外侮、救亡图存的共同意志，谱写了感天动地、气壮山河的壮丽史诗，涌现出杨靖宇、赵尚志、左权、彭雪枫、佟麟阁、赵登禹、张自忠、戴安澜等一批抗日英烈和八路军“狼牙山五壮士”、新四军“刘老庄连”、东北抗联八位女战士及国民党军“八百壮士”等众多英雄群体。无论是正面战场还是敌后战场，无论是直接参战还是后方支援，所有投身中国人民抗日战争中的人们，都是抗战英雄，都是民族英雄。在座很多人都是抗战的亲历者、见证者，经历了战火洗礼，把青春和热血献给了人类和平事业。

在中国人民抗日战争的烽火岁月里，苏联、美国、英国、朝鲜、加拿大、印度等国的反法西斯战士和国际友人，同中国人民并肩作战，在血与火、生与死的考验中结下了深厚友谊。今天在座受奖的10位外籍老战士、老朋友就是他们中的英雄代表。中国人民将永远记住你们，记住世界人民为中国人民抗日战争作出的牺牲和贡献！

在波澜壮阔的中国人民抗日战争中，千千万万的抗战英雄抛头颅、洒热血，为战争胜利作出了重大贡献，为铸就伟大的抗战精神作出了重大贡献。伟大的抗战精神，永远是激励中国人民克服一切艰难险阻、为实现中华民族伟大复兴而奋斗的强大精神动力。

――在抗战英雄身上，充分展现了天下兴亡、匹夫有责的爱国情怀。以身许国、精忠报国是抗战英雄最鲜明的品质。面对民族生死存亡，全体同胞以“誓死不当亡国奴”的民族自尊，挺身而出，共赴国难。在中国共产党倡导建立的抗日民族统一战线旗帜下，海内外中华儿女以强烈的家国情怀，空前团结起来，争先投入保家卫国的伟大斗争之中，形成了人民战争的汪洋大海，谱写下惊天地、泣鬼神的爱国主义篇章。

――在抗战英雄身上，充分展现了视死如归、宁死不屈的民族气节。“时穷节乃见，一一垂丹青。”日本军国主义侵略者极其残暴，以惨绝人寰的手段对待中国人民，企图以屠杀和死亡让中国人民屈服。面对侵略者的屠刀，中国人民用血肉之躯筑起新的长城，人人抱定必死之心。成千上万的英雄们，在侵略者的炮火中奋勇前进，在侵略者的屠刀下英勇就义，彰显出中华民族威武不能屈的浩然正气。

――在抗战英雄身上，充分展现了不畏强暴、血战到底的英雄气概。毛泽东同志说过，我们中华民族有同自己的敌人血战到底的气概，有在自力更生的基础上光复旧物的决心，有自立于世界民族之林的能力。近代以后，面对强敌的一次次入侵，中华民族没有屈服，而是不断集结起队伍，前仆后继，顽强抗争，誓与侵略者血战到底，奏响了无数气壮山河的英雄凯歌。

――在抗战英雄身上，充分展现了百折不挠、坚忍不拔的必胜信念。信念如炬，九死未悔。从日本军国主义侵略者的铁蹄踏进中国大地之时起，中国人民就开展了抗击侵略者的伟大斗争，无论条件多么艰苦，无论战争多么残酷，无论牺牲多么巨大，中国人民从来都没有动摇光复河山的决心。中国人民抱定了抗战到底的信念，坚持抗战，持久抗战，终于打败了凶恶的侵略者、赢得了战争的最后胜利，创造了人类战争史上的一个奇迹。

同志们、朋友们！

正是因为鸦片战争以后中国人民不懈抗争和持续奋斗，正是因为前人们浴血奋斗和英勇牺牲，我们的国家才有了今天的独立自主，我们的民族才有了今天的发展繁荣，我们的人民才有了今天的幸福生活。

近代以来，一切为中华民族独立和解放而牺牲的人们，一切为中华民族摆脱外来殖民统治和侵略而英勇斗争的人们，一切为中华民族掌握自己命运、开创国家发展新路的人们，都是民族英雄，都是国家荣光。中国人民将永远铭记他们建立的不朽功勋！

“天地英雄气，千秋尚凛然。”一个有希望的民族不能没有英雄，一个有前途的国家不能没有先锋。包括抗战英雄在内的一切民族英雄，都是中华民族的脊梁，他们的事迹和精神都是激励我们前行的强大力量。

今天，中国正在发生日新月异的变化，我们比历史上任何时期都更加接近实现中华民族伟大复兴的目标。实现我们的目标，需要英雄，需要英雄精神。我们要铭记一切为中华民族和中国人民作出贡献的英雄们，崇尚英雄，捍卫英雄，学习英雄，关爱英雄，戮力同心为实现“两个一百年”奋斗目标、实现中华民族伟大复兴的中国梦而努力奋斗！

（新华社北京9月2日电）

《 人民日报 》（ 2015年09月03日 02 版）


(责编：朱书缘                     )"
15,26581563,http://jhsjk.people.cn/article/26581563,国防,习近平给内蒙古军区边防某团一连官兵回信 勉励官兵为筑牢祖国安全稳定屏障再立新功,42053,人民网－人民日报,"
 
习近平给内蒙古军区边防某团一连官兵回信 勉励官兵为筑牢祖国安全稳定屏障再立新功

来源：人民网－人民日报        ??发布时间：2015-02-18


新春佳节前夕，中共中央总书记、国家主席、中央军委主席习近平2月16日给内蒙古军区边防某团一连全体官兵回信，勉励他们着力加强连队全面建设，推动强军目标在连队、在边防落地生根，为筑牢祖国北疆安全稳定屏障再立新功，并向官兵们致以新春祝福。回信全文如下：

内蒙古军区边防某团一连全体官兵：

你们好！你们的来信我收到了。一年前，我到阿尔山看望大家，同志们在冰天雪地里守卫边疆的坚定决心和昂扬精神，给我留下了难忘的印象。一年来，同志们又取得了新进步，我感到很高兴。

希望同志们着力加强连队全面建设，推动强军目标在连队、在边防落地生根，为筑牢祖国北疆安全稳定屏障再立新功！

最后，向全连同志问好！祝同志们春节愉快、工作顺利、阖家幸福！

习近平?

2015年2月16日?

习主席对基层建设高度重视，始终牵挂一线官兵冷暖。2014年春节前夕，他冒着零下30多摄氏度的严寒，顶风踏雪来到内蒙古军区边防某团一连，登上边防哨所与官兵一同执勤站岗，深入班排宿舍嘘寒问暖，勉励官兵深入学习贯彻强军目标，矢志扎根边防、守卫边防、建功边防。最高统帅与基层官兵心心相印。近日，一连全体官兵满怀深情给习主席写信，汇报他们遵照习主席谆谆教导，一年来加强连队建设、履行戍边使命和个人成长进步等方面的情况，表示决不辜负习主席嘱托和期望，以实际行动争做有灵魂、有本事、有血性、有品德的新一代革命军人。

（新华社北京2月17日电 记者李宣良）

《 人民日报 》（ 2015年02月18日 01 版）


(责编：常雪梅                     )"
16,25770391,http://jhsjk.people.cn/article/25770391,国防,习近平：在庆祝中华人民共和国成立65周年招待会上的讲话,41913,人民网－人民日报,"
 
习近平：在庆祝中华人民共和国成立65周年招待会上的讲话
（2014年9月30日）
来源：人民网－人民日报        ??发布时间：2014-10-01


女士们，先生们，

同志们，朋友们：

今晚，长安街华灯璀璨，天安门前鲜花簇拥，金秋的北京，洋溢着浓郁的喜庆气氛。我们伟大的人民共和国，已经走过了65年的光辉历程。

1949年10月1日，天安门城楼上，毛泽东同志向全世界庄严宣告：中华人民共和国成立了！第一面五星红旗在北京上空冉冉升起。经历了近代以来100多年苦难斗争的中国人民，终于迎来中华民族浴火重生的曙光。

“一唱雄鸡天下白。”中华人民共和国的诞生，使亿万中国人民成了国家、社会和自己命运的主人，满怀豪情开始了实现国家富强、民族振兴、人民幸福的伟大征程。

65年，在人类发展史上只是弹指一挥间。但是，中国人民在这个时间段内，创造了波澜壮阔、惊天动地的历史。

65年来，中国由新民主主义走向社会主义，开创和拓展中国特色社会主义道路，使社会主义这一人类社会的美好理想在古老的中国大地上变成了具有强大生命力的成功道路和制度体系。这不仅为中华民族实现伟大复兴提供了重要制度保障，而且为人类社会走向美好未来提供了具有充分说服力的道路和制度选择。

65年来，中国的社会生产力、综合国力实现了历史性跨越，人民生活实现了从贫困到温饱再到总体小康的历史性跨越。这不仅使中国彻底抛掉了“东亚病夫”的帽子，而且为人类战胜贫困、为发展中国家寻找发展道路提供了成功的实例。

65年来，中国奉行独立自主的和平外交政策，坚持和平共处五项原则，秉持公道，伸张正义，始终站在广大发展中国家一边，身体力行维护世界和平、促进共同发展。这不仅极大提高了中国的国际地位，而且为推动世界多极化、经济全球化、国际关系民主化，为促进世界力量平衡作出了重大贡献。

历史，往往需要经过岁月的风雨才能看得更清楚。回首往事，我们更加清晰地感到，中华人民共和国的成立，不仅是中华民族发展史上的一个伟大事件，也是人类发展史上的一个伟大事件。

今天，我们完全可以自豪地说，一个充满生机的中国，一个充满希望的中国，已经巍然屹立在世界的东方。

同志们、朋友们！

在这里，我代表党中央、国务院，向全国各族人民、全体共产党员，向中国人民解放军指战员和武警部队官兵，向各民主党派和无党派人士，致以崇高的敬意！向香港特别行政区同胞、澳门特别行政区同胞、台湾同胞和广大海外侨胞，致以诚挚的问候！向支持和帮助新中国建设事业的友好国家和国际友人，致以衷心的感谢！

此时此刻，我们更加怀念近代以后为民族独立和人民解放作出贡献的一切仁人志士和革命先烈，更加怀念为新中国成立和发展建立了卓越功勋的老一辈领导人，更加怀念为新中国建设发展献出生命的一切英雄模范和先进人物。

可以告慰他们的是，他们信仰的理想正在实现，他们开创的事业正在继续，他们书写的历史必将由我们继续书写下去。

同志们、朋友们！

回顾历史的时刻，也是展望未来的时刻。我们人民共和国的航船正在破浪前进，我们比历史上任何时期都更接近中华民族伟大复兴的目标。

任何奋斗目标都不会轻轻松松实现，前进道路从来不是一帆风顺的。我们前面的路还很长，不会那样平坦，我们必须准备进行具有许多新的历史特点的伟大斗争。过去，中国人民有志气有能力战胜各种艰难险阻、铸就我们人民共和国的辉煌。今天，中国人民也一定能够战胜可以预见和难以预见的各种艰难险阻，铸就我们人民共和国更大的辉煌。

――面向未来，我们必须坚持同人民在一起。人民是历史的创造者。我们要紧紧依靠人民，充分发挥人民主体作用，尊重人民首创精神，为了人民干事创业，依靠人民干事创业。我们要坚持“以百姓心为心”，倾听人民心声，汲取人民智慧，始终把实现好、维护好、发展好最广大人民根本利益作为一切工作的出发点和落脚点，让发展成果更多更公平惠及全体人民。

――面向未来，我们必须坚持走自己的路。方向决定道路，道路决定命运。我们自己的路，就是中国特色社会主义道路。这条道路，是中国共产党带领中国人民历经千辛万苦、付出巨大代价开辟出来的，是被实践证明了的符合中国国情、适合时代发展要求的正确道路。我们要不断增强中国特色社会主义道路自信、理论自信、制度自信，使中国特色社会主义这条康庄大道越走越宽广。

――面向未来，我们必须坚持抓好发展这个第一要务。发展才能自强，科学发展才能永续发展。我们要坚持以经济建设为中心、以科学发展为主题、以造福人民为根本目的，不断解放和发展社会生产力，全面推进经济建设、政治建设、文化建设、社会建设、生态文明建设，不断开拓生产发展、生活富裕、生态良好的文明发展道路，为实现全体人民共同富裕而不懈努力。

――面向未来，我们必须坚持改革创新。“天行健，君子以自强不息。”人类社会总是在不断创新创造中前进的。要破解中国发展中面临的难题、化解来自各方面的风险挑战，除了深化改革，别无他途。中华民族以伟大创造能力著称于世。我们要适应历史前进的要求，坚定不移全面深化改革，敢于下深水、涉险滩，勇于破藩篱、扫障碍，推动中国始终走在时代前列。

――面向未来，我们必须坚持走和平发展道路。人类共处一个地球。世界好，中国才能好。中国爱好和平，历来知道“国虽大，好战必亡”的道理。我们要始终不渝走和平发展道路，始终不渝奉行互利共赢的开放战略，维护国际公平正义，促进世界和平与发展。中国将坚定不移维护自己的国家主权、安全、发展利益。

――面向未来，我们必须坚持把中国共产党建设好。办好中国的事情，关键在中国共产党。我们要坚持党要管党、从严治党，增强党自我净化、自我完善、自我革新、自我提高能力，永不动摇信仰，永不脱离群众。凡是影响党的创造力、凝聚力、战斗力的问题都要全力克服，凡是损害党的先进性和纯洁性的病症都要彻底医治，凡是滋生在党的健康肌体上的毒瘤都要坚决祛除，使中国共产党始终同人民心连心、同呼吸、共命运。

――面向未来，我们必须坚持谦虚谨慎、戒骄戒躁。虚心使人进步，骄傲使人落后。中国仍处于并将长期处于社会主义初级阶段的基本国情没有变，实现13亿多人共同富裕任重道远。生于忧患，死于安乐。无论什么时候我们都不能骄傲自满，党不能骄傲自满，国家不能骄傲自满，领导层不能骄傲自满，人民不能骄傲自满，而是要增强忧患意识、慎终追远，始终保持艰苦奋斗的作风。

――面向未来，我们必须坚持高举团结的旗帜。团结就是力量，团结越紧力量越大。中国13亿多人同心同德、群策群力，中国力量就无比强大。我们要加强中国共产党全党的团结，加强中国共产党同各民主党派的亲密合作，保持党同人民群众的血肉联系。我们要巩固和发展全国各族人民的大团结，加强海内外中华儿女的大团结。我们要大力培育和践行社会主义核心价值观，用共同理想信念凝聚民族意志，用中国精神激发中国力量，动员全体中华儿女共同创造中华民族新的伟业。

同志们、朋友们！

不断推进“一国两制”事业，是包括香港同胞、澳门同胞在内的全体中华儿女的共同愿望，符合国家根本利益和香港、澳门长远利益。中央政府将坚定不移贯彻“一国两制”方针和基本法，坚定不移维护香港、澳门长期繁荣稳定。我们坚信，在祖国大家庭中，香港同胞、澳门同胞一定能够创造更加美好的未来。

兄弟同心，其利断金。解决台湾问题、实现祖国完全统一，是海内外全体中华儿女的共同心愿。两岸同胞要继续努力，巩固和发展两岸关系和平发展良好势头，坚持一个中国原则，坚决反对“台独”分裂活动，为祖国和平统一创造更充分的条件，使两岸一家亲、共筑中国梦。

同志们、朋友们！

“浩渺行无极，扬帆但信风。”祖国960多万平方公里的锦绣河山，为我们创造伟业铺就了广阔舞台。中华民族5000多年创造的灿烂文明，为我们奋勇前进提供了强大精神力量。新中国成立65年来取得的巨大发展成就，为我们再创辉煌奠定了坚实基础。

全党全国各族人民、海内外中华儿女，让我们手拉手、肩并肩，高高扬起中国航船的风帆，朝着中华民族伟大复兴的光辉彼岸，继续破浪前进吧！

现在，我提议：

为中华人民共和国成立65周年，

为中国繁荣富强和全国各族人民幸福安康，

为中国人民同世界各国人民的友谊和合作，

为在座各位来宾、各位同志、各位朋友的健康，

干杯！

（新华社北京9月30日电）

《 人民日报 》（ 2014年10月01日 02 版）


(责编：王金雪                     )"
